State,County,County ID,Tract
Alabama,Autauga County,1001,1001021100
Alabama,Baldwin County,1003,1003010600
Alabama,Barbour County,1005,1005950200
Alabama,Barbour County,1005,1005950300
Alabama,Barbour County,1005,1005950400
Alabama,Barbour County,1005,1005950600
Alabama,Barbour County,1005,1005950900
Alabama,Bullock County,1011,1011952100
Alabama,Bullock County,1011,1011952200
Alabama,Butler County,1013,1013952700
Alabama,Butler County,1013,1013952900
Alabama,Butler County,1013,1013953400
Alabama,Calhoun County,1015,1015000300
Alabama,Calhoun County,1015,1015000500
Alabama,Calhoun County,1015,1015000600
Alabama,Calhoun County,1015,1015000800
Alabama,Calhoun County,1015,1015002101
Alabama,Calhoun County,1015,1015002103
Alabama,Calhoun County,1015,1015002300
Alabama,Chambers County,1017,1017953900
Alabama,Choctaw County,1023,1023956700
Alabama,Clarke County,1025,1025957700
Alabama,Clarke County,1025,1025957800
Alabama,Clarke County,1025,1025957902
Alabama,Clarke County,1025,1025958001
Alabama,Clarke County,1025,1025958002
Alabama,Coffee County,1031,1031011300
Alabama,Colbert County,1033,1033020300
Alabama,Coosa County,1037,1037961000
Alabama,Covington County,1039,1039961800
Alabama,Covington County,1039,1039962100
Alabama,Covington County,1039,1039962600
Alabama,Covington County,1039,1039962700
Alabama,Covington County,1039,1039963000
Alabama,Crenshaw County,1041,1041963800
Alabama,Dale County,1045,1045020700
Alabama,Dallas County,1047,1047956400
Alabama,Dallas County,1047,1047956500
Alabama,Dallas County,1047,1047956600
Alabama,Dallas County,1047,1047956800
Alabama,Dallas County,1047,1047956900
Alabama,Dallas County,1047,1047957200
Alabama,Dallas County,1047,1047957300
Alabama,DeKalb County,1049,1049960800
Alabama,Escambia County,1053,1053970200
Alabama,Escambia County,1053,1053970500
Alabama,Escambia County,1053,1053970600
Alabama,Etowah County,1055,1055000200
Alabama,Etowah County,1055,1055000300
Alabama,Etowah County,1055,1055000700
Alabama,Etowah County,1055,1055000800
Alabama,Etowah County,1055,1055001000
Alabama,Etowah County,1055,1055011200
Alabama,Franklin County,1059,1059973200
Alabama,Franklin County,1059,1059973400
Alabama,Geneva County,1061,1061050300
Alabama,Greene County,1063,1063060000
Alabama,Greene County,1063,1063060100
Alabama,Greene County,1063,1063060200
Alabama,Hale County,1065,1065040300
Alabama,Hale County,1065,1065040400
Alabama,Hale County,1065,1065040500
Alabama,Henry County,1067,1067030200
Alabama,Houston County,1069,1069040600
Alabama,Houston County,1069,1069041200
Alabama,Houston County,1069,1069041400
Alabama,Houston County,1069,1069041500
Alabama,Jefferson County,1073,1073000300
Alabama,Jefferson County,1073,1073000400
Alabama,Jefferson County,1073,1073000500
Alabama,Jefferson County,1073,1073000700
Alabama,Jefferson County,1073,1073000800
Alabama,Jefferson County,1073,1073001400
Alabama,Jefferson County,1073,1073001500
Alabama,Jefferson County,1073,1073001600
Alabama,Jefferson County,1073,1073001902
Alabama,Jefferson County,1073,1073002303
Alabama,Jefferson County,1073,1073002400
Alabama,Jefferson County,1073,1073002700
Alabama,Jefferson County,1073,1073002900
Alabama,Jefferson County,1073,1073003001
Alabama,Jefferson County,1073,1073003002
Alabama,Jefferson County,1073,1073003200
Alabama,Jefferson County,1073,1073003400
Alabama,Jefferson County,1073,1073003803
Alabama,Jefferson County,1073,1073003900
Alabama,Jefferson County,1073,1073004000
Alabama,Jefferson County,1073,1073004200
Alabama,Jefferson County,1073,1073004500
Alabama,Jefferson County,1073,1073004901
Alabama,Jefferson County,1073,1073004902
Alabama,Jefferson County,1073,1073005101
Alabama,Jefferson County,1073,1073005500
Alabama,Jefferson County,1073,1073010100
Alabama,Jefferson County,1073,1073010200
Alabama,Jefferson County,1073,1073010302
Alabama,Jefferson County,1073,1073010401
Alabama,Jefferson County,1073,1073010602
Alabama,Jefferson County,1073,1073013002
Alabama,Jefferson County,1073,1073013100
Alabama,Jefferson County,1073,1073013300
Alabama,Jefferson County,1073,1073013801
Alabama,Lauderdale County,1077,1077010100
Alabama,Lauderdale County,1077,1077010200
Alabama,Lauderdale County,1077,1077010300
Alabama,Lauderdale County,1077,1077010600
Alabama,Lauderdale County,1077,1077010700
Alabama,Lee County,1081,1081040200
Alabama,Lee County,1081,1081040300
Alabama,Lee County,1081,1081040602
Alabama,Lee County,1081,1081040603
Alabama,Lee County,1081,1081040604
Alabama,Lee County,1081,1081040700
Alabama,Lee County,1081,1081040800
Alabama,Lee County,1081,1081040901
Alabama,Lee County,1081,1081040902
Alabama,Lee County,1081,1081041400
Alabama,Lee County,1081,1081041600
Alabama,Limestone County,1083,1083020700
Alabama,Lowndes County,1085,1085780800
Alabama,Lowndes County,1085,1085781000
Alabama,Lowndes County,1085,1085781100
Alabama,Lowndes County,1085,1085781200
Alabama,Macon County,1087,1087231602
Alabama,Macon County,1087,1087231700
Alabama,Macon County,1087,1087231900
Alabama,Macon County,1087,1087232000
Alabama,Macon County,1087,1087232100
Alabama,Macon County,1087,1087232300
Alabama,Madison County,1089,1089000201
Alabama,Madison County,1089,1089001200
Alabama,Madison County,1089,1089002100
Alabama,Madison County,1089,1089002400
Alabama,Madison County,1089,1089003000
Alabama,Madison County,1089,1089003100
Alabama,Marengo County,1091,1091972900
Alabama,Marengo County,1091,1091973000
Alabama,Marengo County,1091,1091973100
Alabama,Mobile County,1097,1097000200
Alabama,Mobile County,1097,1097000401
Alabama,Mobile County,1097,1097000402
Alabama,Mobile County,1097,1097000500
Alabama,Mobile County,1097,1097000600
Alabama,Mobile County,1097,1097000701
Alabama,Mobile County,1097,1097000702
Alabama,Mobile County,1097,1097001001
Alabama,Mobile County,1097,1097001100
Alabama,Mobile County,1097,1097001200
Alabama,Mobile County,1097,1097001501
Alabama,Mobile County,1097,1097001502
Alabama,Mobile County,1097,1097001800
Alabama,Mobile County,1097,1097002301
Alabama,Mobile County,1097,1097002302
Alabama,Mobile County,1097,1097002400
Alabama,Mobile County,1097,1097002600
Alabama,Mobile County,1097,1097002700
Alabama,Mobile County,1097,1097003205
Alabama,Mobile County,1097,1097003606
Alabama,Mobile County,1097,1097003800
Alabama,Mobile County,1097,1097003901
Alabama,Mobile County,1097,1097003902
Alabama,Mobile County,1097,1097004000
Alabama,Mobile County,1097,1097004100
Alabama,Mobile County,1097,1097004800
Alabama,Mobile County,1097,1097004900
Alabama,Mobile County,1097,1097007500
Alabama,Mobile County,1097,1097007600
Alabama,Mobile County,1097,1097007700
Alabama,Monroe County,1099,1099075600
Alabama,Monroe County,1099,1099075700
Alabama,Monroe County,1099,1099075800
Alabama,Monroe County,1099,1099076000
Alabama,Montgomery County,1101,1101000100
Alabama,Montgomery County,1101,1101000200
Alabama,Montgomery County,1101,1101000300
Alabama,Montgomery County,1101,1101000600
Alabama,Montgomery County,1101,1101000700
Alabama,Montgomery County,1101,1101001000
Alabama,Montgomery County,1101,1101001100
Alabama,Montgomery County,1101,1101001200
Alabama,Montgomery County,1101,1101001500
Alabama,Montgomery County,1101,1101002201
Alabama,Montgomery County,1101,1101002202
Alabama,Montgomery County,1101,1101002300
Alabama,Montgomery County,1101,1101002400
Alabama,Montgomery County,1101,1101003000
Alabama,Montgomery County,1101,1101005102
Alabama,Montgomery County,1101,1101005902
Alabama,Morgan County,1103,1103000100
Alabama,Morgan County,1103,1103000600
Alabama,Perry County,1105,1105686800
Alabama,Perry County,1105,1105687100
Alabama,Pickens County,1107,1107050100
Alabama,Pickens County,1107,1107050300
Alabama,Pickens County,1107,1107050400
Alabama,Pike County,1109,1109188700
Alabama,Pike County,1109,1109188900
Alabama,Pike County,1109,1109189100
Alabama,Pike County,1109,1109189300
Alabama,Russell County,1113,1113030200
Alabama,Russell County,1113,1113030800
Alabama,Sumter County,1119,1119011300
Alabama,Sumter County,1119,1119011400
Alabama,Sumter County,1119,1119011500
Alabama,Talladega County,1121,1121010600
Alabama,Talladega County,1121,1121011200
Alabama,Talladega County,1121,1121011800
Alabama,Tallapoosa County,1123,1123962600
Alabama,Tuscaloosa County,1125,1125010404
Alabama,Tuscaloosa County,1125,1125010500
Alabama,Tuscaloosa County,1125,1125011200
Alabama,Tuscaloosa County,1125,1125011401
Alabama,Tuscaloosa County,1125,1125011402
Alabama,Tuscaloosa County,1125,1125011600
Alabama,Tuscaloosa County,1125,1125011701
Alabama,Tuscaloosa County,1125,1125011703
Alabama,Tuscaloosa County,1125,1125011800
Alabama,Tuscaloosa County,1125,1125011901
Alabama,Tuscaloosa County,1125,1125011902
Alabama,Tuscaloosa County,1125,1125012405
Alabama,Walker County,1127,1127020100
Alabama,Washington County,1129,1129044200
Alabama,Wilcox County,1131,1131034700
Alabama,Wilcox County,1131,1131034800
Alabama,Wilcox County,1131,1131035100
Alabama,Winston County,1133,1133965800
Alaska,Anchorage Municipality,2020,2020000600
Alaska,Bethel Census Area,2050,2050000100
Alaska,Dillingham Census Area,2070,2070000100
Alaska,Yukon-Koyukuk Census Area,2290,2290000400
Arizona,Apache County,4001,4001942600
Arizona,Apache County,4001,4001942700
Arizona,Apache County,4001,4001944000
Arizona,Apache County,4001,4001944100
Arizona,Apache County,4001,4001944201
Arizona,Apache County,4001,4001944202
Arizona,Apache County,4001,4001944300
Arizona,Apache County,4001,4001944901
Arizona,Apache County,4001,4001944902
Arizona,Apache County,4001,4001945001
Arizona,Apache County,4001,4001945002
Arizona,Apache County,4001,4001945100
Arizona,Cochise County,4003,4003000700
Arizona,Cochise County,4003,4003000901
Arizona,Cochise County,4003,4003000902
Arizona,Coconino County,4005,4005000800
Arizona,Coconino County,4005,4005001000
Arizona,Coconino County,4005,4005942201
Arizona,Coconino County,4005,4005942202
Arizona,Coconino County,4005,4005945000
Arizona,Coconino County,4005,4005945100
Arizona,Coconino County,4005,4005945200
Arizona,Gila County,4007,4007940200
Arizona,Gila County,4007,4007940400
Arizona,Graham County,4009,4009940500
Arizona,Graham County,4009,4009961300
Arizona,La Paz County,4012,4012940300
Arizona,Maricopa County,4013,4013060801
Arizona,Maricopa County,4013,4013061401
Arizona,Maricopa County,4013,4013061402
Arizona,Maricopa County,4013,4013092600
Arizona,Maricopa County,4013,4013092801
Arizona,Maricopa County,4013,4013092802
Arizona,Maricopa County,4013,4013092900
Arizona,Maricopa County,4013,4013103304
Arizona,Maricopa County,4013,4013103305
Arizona,Maricopa County,4013,4013103306
Arizona,Maricopa County,4013,4013104501
Arizona,Maricopa County,4013,4013104502
Arizona,Maricopa County,4013,4013107201
Arizona,Maricopa County,4013,4013108601
Arizona,Maricopa County,4013,4013108602
Arizona,Maricopa County,4013,4013109001
Arizona,Maricopa County,4013,4013109002
Arizona,Maricopa County,4013,4013109003
Arizona,Maricopa County,4013,4013109101
Arizona,Maricopa County,4013,4013109200
Arizona,Maricopa County,4013,4013110100
Arizona,Maricopa County,4013,4013111202
Arizona,Maricopa County,4013,4013111203
Arizona,Maricopa County,4013,4013111501
Arizona,Maricopa County,4013,4013111502
Arizona,Maricopa County,4013,4013111602
Arizona,Maricopa County,4013,4013112100
Arizona,Maricopa County,4013,4013112601
Arizona,Maricopa County,4013,4013112602
Arizona,Maricopa County,4013,4013112700
Arizona,Maricopa County,4013,4013112900
Arizona,Maricopa County,4013,4013113100
Arizona,Maricopa County,4013,4013113201
Arizona,Maricopa County,4013,4013113202
Arizona,Maricopa County,4013,4013113203
Arizona,Maricopa County,4013,4013113300
Arizona,Maricopa County,4013,4013113501
Arizona,Maricopa County,4013,4013113502
Arizona,Maricopa County,4013,4013113601
Arizona,Maricopa County,4013,4013113602
Arizona,Maricopa County,4013,4013113700
Arizona,Maricopa County,4013,4013113801
Arizona,Maricopa County,4013,4013113900
Arizona,Maricopa County,4013,4013114100
Arizona,Maricopa County,4013,4013114301
Arizona,Maricopa County,4013,4013114302
Arizona,Maricopa County,4013,4013114401
Arizona,Maricopa County,4013,4013114402
Arizona,Maricopa County,4013,4013114500
Arizona,Maricopa County,4013,4013114600
Arizona,Maricopa County,4013,4013114703
Arizona,Maricopa County,4013,4013114800
Arizona,Maricopa County,4013,4013114900
Arizona,Maricopa County,4013,4013115300
Arizona,Maricopa County,4013,4013115400
Arizona,Maricopa County,4013,4013115500
Arizona,Maricopa County,4013,4013115600
Arizona,Maricopa County,4013,4013115801
Arizona,Maricopa County,4013,4013115802
Arizona,Maricopa County,4013,4013115900
Arizona,Maricopa County,4013,4013116000
Arizona,Maricopa County,4013,4013116100
Arizona,Maricopa County,4013,4013116602
Arizona,Maricopa County,4013,4013116800
Arizona,Maricopa County,4013,4013117200
Arizona,Maricopa County,4013,4013117300
Arizona,Maricopa County,4013,4013318700
Arizona,Maricopa County,4013,4013318800
Arizona,Maricopa County,4013,4013319101
Arizona,Maricopa County,4013,4013319103
Arizona,Maricopa County,4013,4013319104
Arizona,Maricopa County,4013,4013319201
Arizona,Maricopa County,4013,4013319202
Arizona,Maricopa County,4013,4013320002
Arizona,Maricopa County,4013,4013522903
Arizona,Maricopa County,4013,4013522904
Arizona,Maricopa County,4013,4013523102
Arizona,Maricopa County,4013,4013941000
Arizona,Maricopa County,4013,4013941300
Arizona,Mohave County,4015,4015940400
Arizona,Mohave County,4015,4015950100
Arizona,Navajo County,4017,4017940008
Arizona,Navajo County,4017,4017940010
Arizona,Navajo County,4017,4017940011
Arizona,Navajo County,4017,4017940012
Arizona,Navajo County,4017,4017940013
Arizona,Navajo County,4017,4017940014
Arizona,Navajo County,4017,4017940015
Arizona,Navajo County,4017,4017940100
Arizona,Navajo County,4017,4017940301
Arizona,Navajo County,4017,4017940302
Arizona,Navajo County,4017,4017942300
Arizona,Navajo County,4017,4017942400
Arizona,Navajo County,4017,4017942500
Arizona,Pima County,4019,4019000100
Arizona,Pima County,4019,4019000200
Arizona,Pima County,4019,4019000300
Arizona,Pima County,4019,4019000400
Arizona,Pima County,4019,4019000500
Arizona,Pima County,4019,4019000800
Arizona,Pima County,4019,4019000900
Arizona,Pima County,4019,4019001000
Arizona,Pima County,4019,4019001100
Arizona,Pima County,4019,4019001200
Arizona,Pima County,4019,4019001302
Arizona,Pima County,4019,4019001303
Arizona,Pima County,4019,4019001304
Arizona,Pima County,4019,4019001400
Arizona,Pima County,4019,4019001500
Arizona,Pima County,4019,4019002100
Arizona,Pima County,4019,4019002201
Arizona,Pima County,4019,4019002202
Arizona,Pima County,4019,4019002300
Arizona,Pima County,4019,4019002400
Arizona,Pima County,4019,4019002602
Arizona,Pima County,4019,4019002603
Arizona,Pima County,4019,4019002604
Arizona,Pima County,4019,4019002703
Arizona,Pima County,4019,4019002801
Arizona,Pima County,4019,4019003101
Arizona,Pima County,4019,4019003501
Arizona,Pima County,4019,4019003702
Arizona,Pima County,4019,4019003704
Arizona,Pima County,4019,4019003706
Arizona,Pima County,4019,4019003707
Arizona,Pima County,4019,4019003801
Arizona,Pima County,4019,4019003802
Arizona,Pima County,4019,4019004115
Arizona,Pima County,4019,4019004116
Arizona,Pima County,4019,4019004320
Arizona,Pima County,4019,4019004407
Arizona,Pima County,4019,4019004504
Arizona,Pima County,4019,4019004510
Arizona,Pima County,4019,4019004511
Arizona,Pima County,4019,4019940600
Arizona,Pima County,4019,4019940700
Arizona,Pima County,4019,4019940800
Arizona,Pima County,4019,4019940900
Arizona,Pima County,4019,4019941000
Arizona,Pinal County,4021,4021001000
Arizona,Pinal County,4021,4021001200
Arizona,Pinal County,4021,4021001500
Arizona,Pinal County,4021,4021001900
Arizona,Pinal County,4021,4021002002
Arizona,Pinal County,4021,4021002003
Arizona,Pinal County,4021,4021941200
Arizona,Pinal County,4021,4021941300
Arizona,Pinal County,4021,4021941400
Arizona,Santa Cruz County,4023,4023966200
Arizona,Santa Cruz County,4023,4023966301
Arizona,Santa Cruz County,4023,4023966302
Arizona,Santa Cruz County,4023,4023966401
Arizona,Santa Cruz County,4023,4023966402
Arizona,Yuma County,4027,4027000100
Arizona,Yuma County,4027,4027000301
Arizona,Yuma County,4027,4027000302
Arizona,Yuma County,4027,4027000403
Arizona,Yuma County,4027,4027000404
Arizona,Yuma County,4027,4027000700
Arizona,Yuma County,4027,4027011000
Arizona,Yuma County,4027,4027011403
Arizona,Yuma County,4027,4027011406
Arizona,Yuma County,4027,4027011501
Arizona,Yuma County,4027,4027011503
Arizona,Yuma County,4027,4027011600
Arkansas,Arkansas County,5001,5001480400
Arkansas,Ashley County,5003,5003960100
Arkansas,Bradley County,5011,5011950200
Arkansas,Bradley County,5011,5011950300
Arkansas,Chicot County,5017,5017080200
Arkansas,Chicot County,5017,5017080400
Arkansas,Clark County,5019,5019953601
Arkansas,Clay County,5021,5021950400
Arkansas,Columbia County,5027,5027950500
Arkansas,Craighead County,5031,5031000601
Arkansas,Craighead County,5031,5031000602
Arkansas,Crawford County,5033,5033020501
Arkansas,Crawford County,5033,5033020502
Arkansas,Crittenden County,5035,5035030502
Arkansas,Crittenden County,5035,5035030600
Arkansas,Crittenden County,5035,5035031100
Arkansas,Crittenden County,5035,5035031200
Arkansas,Cross County,5037,5037950100
Arkansas,Desha County,5041,5041950100
Arkansas,Desha County,5041,5041950200
Arkansas,Desha County,5041,5041950300
Arkansas,Desha County,5041,5041950400
Arkansas,Drew County,5043,5043490400
Arkansas,Faulkner County,5045,5045030701
Arkansas,Faulkner County,5045,5045030702
Arkansas,Faulkner County,5045,5045030900
Arkansas,Garland County,5051,5051010600
Arkansas,Garland County,5051,5051010700
Arkansas,Garland County,5051,5051010800
Arkansas,Garland County,5051,5051011500
Arkansas,Hempstead County,5057,5057480300
Arkansas,Hempstead County,5057,5057480500
Arkansas,Hot Spring County,5059,5059020200
Arkansas,Howard County,5061,5061950300
Arkansas,Izard County,5065,5065960300
Arkansas,Jackson County,5067,5067480200
Arkansas,Jefferson County,5069,5069000502
Arkansas,Jefferson County,5069,5069001000
Arkansas,Jefferson County,5069,5069001200
Arkansas,Jefferson County,5069,5069001300
Arkansas,Jefferson County,5069,5069001401
Arkansas,Jefferson County,5069,5069001402
Arkansas,Jefferson County,5069,5069001600
Arkansas,Jefferson County,5069,5069001700
Arkansas,Jefferson County,5069,5069001901
Arkansas,Jefferson County,5069,5069001903
Arkansas,Jefferson County,5069,5069002300
Arkansas,Lafayette County,5073,5073470100
Arkansas,Lee County,5077,5077470300
Arkansas,Miller County,5091,5091020400
Arkansas,Miller County,5091,5091020500
Arkansas,Miller County,5091,5091020600
Arkansas,Mississippi County,5093,5093010100
Arkansas,Mississippi County,5093,5093010200
Arkansas,Mississippi County,5093,5093010300
Arkansas,Mississippi County,5093,5093010900
Arkansas,Mississippi County,5093,5093011000
Arkansas,Monroe County,5095,5095950100
Arkansas,Ouachita County,5103,5103950600
Arkansas,Phillips County,5107,5107480100
Arkansas,Phillips County,5107,5107480300
Arkansas,Phillips County,5107,5107480400
Arkansas,Phillips County,5107,5107480500
Arkansas,Phillips County,5107,5107480600
Arkansas,Poinsett County,5111,5111490100
Arkansas,Poinsett County,5111,5111490300
Arkansas,Poinsett County,5111,5111490700
Arkansas,Polk County,5113,5113950600
Arkansas,Pope County,5115,5115951000
Arkansas,Pope County,5115,5115951400
Arkansas,Pulaski County,5119,5119000200
Arkansas,Pulaski County,5119,5119000500
Arkansas,Pulaski County,5119,5119001200
Arkansas,Pulaski County,5119,5119001300
Arkansas,Pulaski County,5119,5119001800
Arkansas,Pulaski County,5119,5119001900
Arkansas,Pulaski County,5119,5119002800
Arkansas,Pulaski County,5119,5119003001
Arkansas,Pulaski County,5119,5119003002
Arkansas,Pulaski County,5119,5119003606
Arkansas,Pulaski County,5119,5119004400
Arkansas,Pulaski County,5119,5119004500
Arkansas,Pulaski County,5119,5119004600
Arkansas,St. Francis County,5123,5123960100
Arkansas,St. Francis County,5123,5123960400
Arkansas,St. Francis County,5123,5123960600
Arkansas,Scott County,5127,5127950200
Arkansas,Searcy County,5129,5129970100
Arkansas,Sebastian County,5131,5131000100
Arkansas,Sebastian County,5131,5131000200
Arkansas,Sebastian County,5131,5131000300
Arkansas,Sebastian County,5131,5131000400
Arkansas,Sebastian County,5131,5131000800
Arkansas,Sevier County,5133,5133080300
Arkansas,Union County,5139,5139950900
Arkansas,Union County,5139,5139951000
Arkansas,Washington County,5143,5143010600
Arkansas,Washington County,5143,5143010701
Arkansas,Washington County,5143,5143011101
Arkansas,Washington County,5143,5143011300
Arkansas,White County,5145,5145071100
Arkansas,Woodruff County,5147,5147490100
Arkansas,Woodruff County,5147,5147490200
California,Alameda County,6001,6001401300
California,Alameda County,6001,6001401400
California,Alameda County,6001,6001402200
California,Alameda County,6001,6001402500
California,Alameda County,6001,6001402700
California,Alameda County,6001,6001402800
California,Alameda County,6001,6001403000
California,Alameda County,6001,6001403100
California,Alameda County,6001,6001405800
California,Alameda County,6001,6001405901
California,Alameda County,6001,6001405902
California,Alameda County,6001,6001406201
California,Alameda County,6001,6001406202
California,Alameda County,6001,6001407200
California,Alameda County,6001,6001407300
California,Alameda County,6001,6001407400
California,Alameda County,6001,6001407500
California,Alameda County,6001,6001408700
California,Alameda County,6001,6001408800
California,Alameda County,6001,6001408900
California,Alameda County,6001,6001409000
California,Alameda County,6001,6001409300
California,Alameda County,6001,6001409400
California,Alameda County,6001,6001410300
California,Alameda County,6001,6001410500
California,Alameda County,6001,6001422400
California,Alameda County,6001,6001422500
California,Alameda County,6001,6001422700
California,Alameda County,6001,6001422800
California,Alameda County,6001,6001422900
California,Alameda County,6001,6001423602
California,Alameda County,6001,6001423700
California,Butte County,6007,6007000501
California,Butte County,6007,6007000502
California,Butte County,6007,6007000603
California,Butte County,6007,6007000604
California,Butte County,6007,6007001000
California,Butte County,6007,6007001100
California,Butte County,6007,6007001200
California,Butte County,6007,6007001300
California,Butte County,6007,6007002500
California,Butte County,6007,6007002800
California,Butte County,6007,6007003001
California,Butte County,6007,6007003002
California,Contra Costa County,6013,6013307202
California,Contra Costa County,6013,6013312000
California,Contra Costa County,6013,6013365002
California,Contra Costa County,6013,6013376000
California,Contra Costa County,6013,6013379000
California,Fresno County,6019,6019000100
California,Fresno County,6019,6019000200
California,Fresno County,6019,6019000300
California,Fresno County,6019,6019000400
California,Fresno County,6019,6019000501
California,Fresno County,6019,6019000502
California,Fresno County,6019,6019000600
California,Fresno County,6019,6019000700
California,Fresno County,6019,6019000901
California,Fresno County,6019,6019000902
California,Fresno County,6019,6019001000
California,Fresno County,6019,6019001100
California,Fresno County,6019,6019001201
California,Fresno County,6019,6019001202
California,Fresno County,6019,6019001301
California,Fresno County,6019,6019001303
California,Fresno County,6019,6019001304
California,Fresno County,6019,6019001407
California,Fresno County,6019,6019001408
California,Fresno County,6019,6019001500
California,Fresno County,6019,6019002000
California,Fresno County,6019,6019002200
California,Fresno County,6019,6019002300
California,Fresno County,6019,6019002400
California,Fresno County,6019,6019002501
California,Fresno County,6019,6019002502
California,Fresno County,6019,6019002601
California,Fresno County,6019,6019002701
California,Fresno County,6019,6019002702
California,Fresno County,6019,6019002800
California,Fresno County,6019,6019002903
California,Fresno County,6019,6019002904
California,Fresno County,6019,6019003400
California,Fresno County,6019,6019003701
California,Fresno County,6019,6019003702
California,Fresno County,6019,6019003900
California,Fresno County,6019,6019004002
California,Fresno County,6019,6019004404
California,Fresno County,6019,6019004505
California,Fresno County,6019,6019004704
California,Fresno County,6019,6019004801
California,Fresno County,6019,6019004802
California,Fresno County,6019,6019005304
California,Fresno County,6019,6019005403
California,Fresno County,6019,6019006201
California,Fresno County,6019,6019006501
California,Fresno County,6019,6019006502
California,Fresno County,6019,6019006602
California,Fresno County,6019,6019006604
California,Fresno County,6019,6019006900
California,Fresno County,6019,6019007002
California,Fresno County,6019,6019007100
California,Fresno County,6019,6019007500
California,Fresno County,6019,6019007600
California,Fresno County,6019,6019007700
California,Fresno County,6019,6019007801
California,Fresno County,6019,6019007802
California,Fresno County,6019,6019008100
California,Fresno County,6019,6019008200
California,Fresno County,6019,6019008301
California,Fresno County,6019,6019008302
California,Fresno County,6019,6019008401
California,Fresno County,6019,6019008501
California,Fresno County,6019,6019008502
California,Humboldt County,6023,6023000100
California,Humboldt County,6023,6023001000
California,Humboldt County,6023,6023001101
California,Humboldt County,6023,6023001200
California,Humboldt County,6023,6023010102
California,Humboldt County,6023,6023940000
California,Imperial County,6025,6025010101
California,Imperial County,6025,6025010102
California,Imperial County,6025,6025010200
California,Imperial County,6025,6025010400
California,Imperial County,6025,6025010700
California,Imperial County,6025,6025011202
California,Imperial County,6025,6025011400
California,Imperial County,6025,6025011500
California,Imperial County,6025,6025011600
California,Imperial County,6025,6025012001
California,Imperial County,6025,6025012100
California,Imperial County,6025,6025940000
California,Kern County,6029,6029000200
California,Kern County,6029,6029000400
California,Kern County,6029,6029000600
California,Kern County,6029,6029001102
California,Kern County,6029,6029001103
California,Kern County,6029,6029001201
California,Kern County,6029,6029001202
California,Kern County,6029,6029001300
California,Kern County,6029,6029001400
California,Kern County,6029,6029001500
California,Kern County,6029,6029001600
California,Kern County,6029,6029001902
California,Kern County,6029,6029002000
California,Kern County,6029,6029002100
California,Kern County,6029,6029002200
California,Kern County,6029,6029002302
California,Kern County,6029,6029002400
California,Kern County,6029,6029002500
California,Kern County,6029,6029002600
California,Kern County,6029,6029003000
California,Kern County,6029,6029003121
California,Kern County,6029,6029004102
California,Kern County,6029,6029004402
California,Kern County,6029,6029004500
California,Kern County,6029,6029004701
California,Kern County,6029,6029004702
California,Kern County,6029,6029004800
California,Kern County,6029,6029004901
California,Kern County,6029,6029005003
California,Kern County,6029,6029006201
California,Kern County,6029,6029006202
California,Kern County,6029,6029006301
California,Kern County,6029,6029006303
California,Kern County,6029,6029006304
California,Kern County,6029,6029006401
California,Kern County,6029,6029006403
California,Kern County,6029,6029006404
California,Kings County,6031,6031001100
California,Kings County,6031,6031001300
California,Kings County,6031,6031001401
California,Kings County,6031,6031001402
California,Kings County,6031,6031001500
California,Kings County,6031,6031001701
California,Lake County,6033,6033000701
California,Lake County,6033,6033000702
California,Lake County,6033,6033000801
California,Lake County,6033,6033000802
California,Los Angeles County,6037,6037104105
California,Los Angeles County,6037,6037104701
California,Los Angeles County,6037,6037115302
California,Los Angeles County,6037,6037117405
California,Los Angeles County,6037,6037117407
California,Los Angeles County,6037,6037117408
California,Los Angeles County,6037,6037117510
California,Los Angeles County,6037,6037117520
California,Los Angeles County,6037,6037117530
California,Los Angeles County,6037,6037120020
California,Los Angeles County,6037,6037120030
California,Los Angeles County,6037,6037122410
California,Los Angeles County,6037,6037123204
California,Los Angeles County,6037,6037123205
California,Los Angeles County,6037,6037123206
California,Los Angeles County,6037,6037128302
California,Los Angeles County,6037,6037128303
California,Los Angeles County,6037,6037183810
California,Los Angeles County,6037,6037183820
California,Los Angeles County,6037,6037186301
California,Los Angeles County,6037,6037190201
California,Los Angeles County,6037,6037190202
California,Los Angeles County,6037,6037190402
California,Los Angeles County,6037,6037190510
California,Los Angeles County,6037,6037190520
California,Los Angeles County,6037,6037190700
California,Los Angeles County,6037,6037190801
California,Los Angeles County,6037,6037190802
California,Los Angeles County,6037,6037190901
California,Los Angeles County,6037,6037190902
California,Los Angeles County,6037,6037191110
California,Los Angeles County,6037,6037191120
California,Los Angeles County,6037,6037191203
California,Los Angeles County,6037,6037191204
California,Los Angeles County,6037,6037191410
California,Los Angeles County,6037,6037191720
California,Los Angeles County,6037,6037191810
California,Los Angeles County,6037,6037192610
California,Los Angeles County,6037,6037195710
California,Los Angeles County,6037,6037197700
California,Los Angeles County,6037,6037199120
California,Los Angeles County,6037,6037199700
California,Los Angeles County,6037,6037199800
California,Los Angeles County,6037,6037201503
California,Los Angeles County,6037,6037203100
California,Los Angeles County,6037,6037203200
California,Los Angeles County,6037,6037203500
California,Los Angeles County,6037,6037203600
California,Los Angeles County,6037,6037203720
California,Los Angeles County,6037,6037204110
California,Los Angeles County,6037,6037204200
California,Los Angeles County,6037,6037204300
California,Los Angeles County,6037,6037204410
California,Los Angeles County,6037,6037204420
California,Los Angeles County,6037,6037204600
California,Los Angeles County,6037,6037204810
California,Los Angeles County,6037,6037204910
California,Los Angeles County,6037,6037205110
California,Los Angeles County,6037,6037205120
California,Los Angeles County,6037,6037206010
California,Los Angeles County,6037,6037206032
California,Los Angeles County,6037,6037206050
California,Los Angeles County,6037,6037206200
California,Los Angeles County,6037,6037206300
California,Los Angeles County,6037,6037207101
California,Los Angeles County,6037,6037207102
California,Los Angeles County,6037,6037207103
California,Los Angeles County,6037,6037207301
California,Los Angeles County,6037,6037207302
California,Los Angeles County,6037,6037207900
California,Los Angeles County,6037,6037208000
California,Los Angeles County,6037,6037208301
California,Los Angeles County,6037,6037208302
California,Los Angeles County,6037,6037208402
California,Los Angeles County,6037,6037208502
California,Los Angeles County,6037,6037208720
California,Los Angeles County,6037,6037208801
California,Los Angeles County,6037,6037208802
California,Los Angeles County,6037,6037208902
California,Los Angeles County,6037,6037208903
California,Los Angeles County,6037,6037208904
California,Los Angeles County,6037,6037209102
California,Los Angeles County,6037,6037209103
California,Los Angeles County,6037,6037209104
California,Los Angeles County,6037,6037209200
California,Los Angeles County,6037,6037209300
California,Los Angeles County,6037,6037209401
California,Los Angeles County,6037,6037209402
California,Los Angeles County,6037,6037209403
California,Los Angeles County,6037,6037209510
California,Los Angeles County,6037,6037209520
California,Los Angeles County,6037,6037209810
California,Los Angeles County,6037,6037209820
California,Los Angeles County,6037,6037210010
California,Los Angeles County,6037,6037211122
California,Los Angeles County,6037,6037211201
California,Los Angeles County,6037,6037211310
California,Los Angeles County,6037,6037211320
California,Los Angeles County,6037,6037212202
California,Los Angeles County,6037,6037212203
California,Los Angeles County,6037,6037212204
California,Los Angeles County,6037,6037212303
California,Los Angeles County,6037,6037212304
California,Los Angeles County,6037,6037212305
California,Los Angeles County,6037,6037212306
California,Los Angeles County,6037,6037212420
California,Los Angeles County,6037,6037212610
California,Los Angeles County,6037,6037212620
California,Los Angeles County,6037,6037212900
California,Los Angeles County,6037,6037213100
California,Los Angeles County,6037,6037213201
California,Los Angeles County,6037,6037213202
California,Los Angeles County,6037,6037213310
California,Los Angeles County,6037,6037213320
California,Los Angeles County,6037,6037213401
California,Los Angeles County,6037,6037213402
California,Los Angeles County,6037,6037218120
California,Los Angeles County,6037,6037218210
California,Los Angeles County,6037,6037218701
California,Los Angeles County,6037,6037218900
California,Los Angeles County,6037,6037219300
California,Los Angeles County,6037,6037219902
California,Los Angeles County,6037,6037221110
California,Los Angeles County,6037,6037221220
California,Los Angeles County,6037,6037221303
California,Los Angeles County,6037,6037221304
California,Los Angeles County,6037,6037221401
California,Los Angeles County,6037,6037221500
California,Los Angeles County,6037,6037221601
California,Los Angeles County,6037,6037221602
California,Los Angeles County,6037,6037221710
California,Los Angeles County,6037,6037221810
California,Los Angeles County,6037,6037221820
California,Los Angeles County,6037,6037221900
California,Los Angeles County,6037,6037222002
California,Los Angeles County,6037,6037222100
California,Los Angeles County,6037,6037222200
California,Los Angeles County,6037,6037222600
California,Los Angeles County,6037,6037222700
California,Los Angeles County,6037,6037224010
California,Los Angeles County,6037,6037224020
California,Los Angeles County,6037,6037224200
California,Los Angeles County,6037,6037224320
California,Los Angeles County,6037,6037224410
California,Los Angeles County,6037,6037224420
California,Los Angeles County,6037,6037224600
California,Los Angeles County,6037,6037224700
California,Los Angeles County,6037,6037226001
California,Los Angeles County,6037,6037226002
California,Los Angeles County,6037,6037226410
California,Los Angeles County,6037,6037226420
California,Los Angeles County,6037,6037226700
California,Los Angeles County,6037,6037227010
California,Los Angeles County,6037,6037227020
California,Los Angeles County,6037,6037228210
California,Los Angeles County,6037,6037228220
California,Los Angeles County,6037,6037228320
California,Los Angeles County,6037,6037228410
California,Los Angeles County,6037,6037228420
California,Los Angeles County,6037,6037228500
California,Los Angeles County,6037,6037228600
California,Los Angeles County,6037,6037228710
California,Los Angeles County,6037,6037228720
California,Los Angeles County,6037,6037228800
California,Los Angeles County,6037,6037228900
California,Los Angeles County,6037,6037229100
California,Los Angeles County,6037,6037229200
California,Los Angeles County,6037,6037229300
California,Los Angeles County,6037,6037229410
California,Los Angeles County,6037,6037229420
California,Los Angeles County,6037,6037231100
California,Los Angeles County,6037,6037231210
California,Los Angeles County,6037,6037231220
California,Los Angeles County,6037,6037231600
California,Los Angeles County,6037,6037231710
California,Los Angeles County,6037,6037231720
California,Los Angeles County,6037,6037231800
California,Los Angeles County,6037,6037231900
California,Los Angeles County,6037,6037232110
California,Los Angeles County,6037,6037232120
California,Los Angeles County,6037,6037232200
California,Los Angeles County,6037,6037232300
California,Los Angeles County,6037,6037232600
California,Los Angeles County,6037,6037232700
California,Los Angeles County,6037,6037232800
California,Los Angeles County,6037,6037234901
California,Los Angeles County,6037,6037234902
California,Los Angeles County,6037,6037235202
California,Los Angeles County,6037,6037236202
California,Los Angeles County,6037,6037236203
California,Los Angeles County,6037,6037236204
California,Los Angeles County,6037,6037237101
California,Los Angeles County,6037,6037237102
California,Los Angeles County,6037,6037237401
California,Los Angeles County,6037,6037237600
California,Los Angeles County,6037,6037237720
California,Los Angeles County,6037,6037238310
California,Los Angeles County,6037,6037238320
California,Los Angeles County,6037,6037239201
California,Los Angeles County,6037,6037239202
California,Los Angeles County,6037,6037239320
California,Los Angeles County,6037,6037239330
California,Los Angeles County,6037,6037239501
California,Los Angeles County,6037,6037239502
California,Los Angeles County,6037,6037239601
California,Los Angeles County,6037,6037239602
California,Los Angeles County,6037,6037239701
California,Los Angeles County,6037,6037239702
California,Los Angeles County,6037,6037239801
California,Los Angeles County,6037,6037239802
California,Los Angeles County,6037,6037240010
California,Los Angeles County,6037,6037240020
California,Los Angeles County,6037,6037240200
California,Los Angeles County,6037,6037240300
California,Los Angeles County,6037,6037240401
California,Los Angeles County,6037,6037240402
California,Los Angeles County,6037,6037240500
California,Los Angeles County,6037,6037240600
California,Los Angeles County,6037,6037240800
California,Los Angeles County,6037,6037240900
California,Los Angeles County,6037,6037241001
California,Los Angeles County,6037,6037241002
California,Los Angeles County,6037,6037241120
California,Los Angeles County,6037,6037241202
California,Los Angeles County,6037,6037241300
California,Los Angeles County,6037,6037241400
California,Los Angeles County,6037,6037242000
California,Los Angeles County,6037,6037242100
California,Los Angeles County,6037,6037242200
California,Los Angeles County,6037,6037242300
California,Los Angeles County,6037,6037242600
California,Los Angeles County,6037,6037242700
California,Los Angeles County,6037,6037243000
California,Los Angeles County,6037,6037243100
California,Los Angeles County,6037,6037265303
California,Los Angeles County,6037,6037265304
California,Los Angeles County,6037,6037265305
California,Los Angeles County,6037,6037275500
California,Los Angeles County,6037,6037293202
California,Los Angeles County,6037,6037294421
California,Los Angeles County,6037,6037294610
California,Los Angeles County,6037,6037294701
California,Los Angeles County,6037,6037294810
California,Los Angeles County,6037,6037294820
California,Los Angeles County,6037,6037294830
California,Los Angeles County,6037,6037294900
California,Los Angeles County,6037,6037296210
California,Los Angeles County,6037,6037296220
California,Los Angeles County,6037,6037297110
California,Los Angeles County,6037,6037297120
California,Los Angeles County,6037,6037302103
California,Los Angeles County,6037,6037302503
California,Los Angeles County,6037,6037402303
California,Los Angeles County,6037,6037402304
California,Los Angeles County,6037,6037402501
California,Los Angeles County,6037,6037402502
California,Los Angeles County,6037,6037402702
California,Los Angeles County,6037,6037404703
California,Los Angeles County,6037,6037408800
California,Los Angeles County,6037,6037432801
California,Los Angeles County,6037,6037432802
California,Los Angeles County,6037,6037433304
California,Los Angeles County,6037,6037433305
California,Los Angeles County,6037,6037433307
California,Los Angeles County,6037,6037433401
California,Los Angeles County,6037,6037433403
California,Los Angeles County,6037,6037433501
California,Los Angeles County,6037,6037433504
California,Los Angeles County,6037,6037433801
California,Los Angeles County,6037,6037433901
California,Los Angeles County,6037,6037461901
California,Los Angeles County,6037,6037461902
California,Los Angeles County,6037,6037462001
California,Los Angeles County,6037,6037462002
California,Los Angeles County,6037,6037462201
California,Los Angeles County,6037,6037462202
California,Los Angeles County,6037,6037481711
California,Los Angeles County,6037,6037481714
California,Los Angeles County,6037,6037530801
California,Los Angeles County,6037,6037531201
California,Los Angeles County,6037,6037531301
California,Los Angeles County,6037,6037531502
California,Los Angeles County,6037,6037531503
California,Los Angeles County,6037,6037531602
California,Los Angeles County,6037,6037531604
California,Los Angeles County,6037,6037531901
California,Los Angeles County,6037,6037532001
California,Los Angeles County,6037,6037532605
California,Los Angeles County,6037,6037532606
California,Los Angeles County,6037,6037532800
California,Los Angeles County,6037,6037532900
California,Los Angeles County,6037,6037533001
California,Los Angeles County,6037,6037533002
California,Los Angeles County,6037,6037533103
California,Los Angeles County,6037,6037533104
California,Los Angeles County,6037,6037533201
California,Los Angeles County,6037,6037533203
California,Los Angeles County,6037,6037533300
California,Los Angeles County,6037,6037533401
California,Los Angeles County,6037,6037533503
California,Los Angeles County,6037,6037533603
California,Los Angeles County,6037,6037533702
California,Los Angeles County,6037,6037533902
California,Los Angeles County,6037,6037534002
California,Los Angeles County,6037,6037534102
California,Los Angeles County,6037,6037534201
California,Los Angeles County,6037,6037534202
California,Los Angeles County,6037,6037534404
California,Los Angeles County,6037,6037534405
California,Los Angeles County,6037,6037535001
California,Los Angeles County,6037,6037535002
California,Los Angeles County,6037,6037535101
California,Los Angeles County,6037,6037535300
California,Los Angeles County,6037,6037535400
California,Los Angeles County,6037,6037535804
California,Los Angeles County,6037,6037540201
California,Los Angeles County,6037,6037540202
California,Los Angeles County,6037,6037540203
California,Los Angeles County,6037,6037540400
California,Los Angeles County,6037,6037540502
California,Los Angeles County,6037,6037540600
California,Los Angeles County,6037,6037540901
California,Los Angeles County,6037,6037541400
California,Los Angeles County,6037,6037541603
California,Los Angeles County,6037,6037541605
California,Los Angeles County,6037,6037541606
California,Los Angeles County,6037,6037542105
California,Los Angeles County,6037,6037542106
California,Los Angeles County,6037,6037542501
California,Los Angeles County,6037,6037542502
California,Los Angeles County,6037,6037542601
California,Los Angeles County,6037,6037542900
California,Los Angeles County,6037,6037543202
California,Los Angeles County,6037,6037555211
California,Los Angeles County,6037,6037571600
California,Los Angeles County,6037,6037572900
California,Los Angeles County,6037,6037573002
California,Los Angeles County,6037,6037573004
California,Los Angeles County,6037,6037573201
California,Los Angeles County,6037,6037573300
California,Los Angeles County,6037,6037575102
California,Los Angeles County,6037,6037575202
California,Los Angeles County,6037,6037575300
California,Los Angeles County,6037,6037575401
California,Los Angeles County,6037,6037575402
California,Los Angeles County,6037,6037575500
California,Los Angeles County,6037,6037575801
California,Los Angeles County,6037,6037575802
California,Los Angeles County,6037,6037575803
California,Los Angeles County,6037,6037575901
California,Los Angeles County,6037,6037575902
California,Los Angeles County,6037,6037576200
California,Los Angeles County,6037,6037576301
California,Los Angeles County,6037,6037576302
California,Los Angeles County,6037,6037576401
California,Los Angeles County,6037,6037576402
California,Los Angeles County,6037,6037576403
California,Los Angeles County,6037,6037576501
California,Los Angeles County,6037,6037576901
California,Los Angeles County,6037,6037576903
California,Los Angeles County,6037,6037576904
California,Los Angeles County,6037,6037600100
California,Los Angeles County,6037,6037600201
California,Los Angeles County,6037,6037600202
California,Los Angeles County,6037,6037600303
California,Los Angeles County,6037,6037600304
California,Los Angeles County,6037,6037600602
California,Los Angeles County,6037,6037601100
California,Los Angeles County,6037,6037601600
California,Los Angeles County,6037,6037601801
California,Los Angeles County,6037,6037601900
California,Los Angeles County,6037,6037602103
California,Los Angeles County,6037,6037602801
California,Los Angeles County,6037,6037900602
California,Madera County,6039,6039000602
California,Madera County,6039,6039000603
California,Madera County,6039,6039000604
California,Madera County,6039,6039000800
California,Madera County,6039,6039000900
California,Marin County,6041,6041112201
California,Mendocino County,6045,6045010100
California,Mendocino County,6045,6045011600
California,Merced County,6047,6047001301
California,Merced County,6047,6047001302
California,Merced County,6047,6047001502
California,Merced County,6047,6047001503
California,Merced County,6047,6047001601
California,Merced County,6047,6047001602
California,Merced County,6047,6047001700
California,Merced County,6047,6047002201
California,Monterey County,6053,6053000501
California,Monterey County,6053,6053000502
California,Monterey County,6053,6053000600
California,Monterey County,6053,6053000701
California,Monterey County,6053,6053000702
California,Monterey County,6053,6053001300
California,Orange County,6059,6059011720
California,Orange County,6059,6059062614
California,Orange County,6059,6059062626
California,Orange County,6059,6059062627
California,Orange County,6059,6059074403
California,Orange County,6059,6059074501
California,Orange County,6059,6059074802
California,Orange County,6059,6059074805
California,Orange County,6059,6059074806
California,Orange County,6059,6059074902
California,Orange County,6059,6059075002
California,Orange County,6059,6059075003
California,Orange County,6059,6059075004
California,Orange County,6059,6059087300
California,Orange County,6059,6059087405
California,Orange County,6059,6059087504
California,Orange County,6059,6059087803
California,Orange County,6059,6059089104
California,Orange County,6059,6059099248
California,Orange County,6059,6059099402
California,Riverside County,6065,6065030400
California,Riverside County,6065,6065030502
California,Riverside County,6065,6065030503
California,Riverside County,6065,6065041703
California,Riverside County,6065,6065042210
California,Riverside County,6065,6065042505
California,Riverside County,6065,6065042800
California,Riverside County,6065,6065042904
California,Riverside County,6065,6065043601
California,Riverside County,6065,6065043602
California,Riverside County,6065,6065044000
California,Riverside County,6065,6065044200
California,Riverside County,6065,6065045502
California,Riverside County,6065,6065045604
California,Riverside County,6065,6065045605
California,Riverside County,6065,6065045704
California,Riverside County,6065,6065045705
California,Riverside County,6065,6065045706
California,Riverside County,6065,6065046500
California,Riverside County,6065,6065046900
California,Riverside County,6065,6065049500
California,Sacramento County,6067,6067000600
California,Sacramento County,6067,6067002200
California,Sacramento County,6067,6067002700
California,Sacramento County,6067,6067003202
California,Sacramento County,6067,6067003203
California,Sacramento County,6067,6067003204
California,Sacramento County,6067,6067003700
California,Sacramento County,6067,6067004203
California,Sacramento County,6067,6067004300
California,Sacramento County,6067,6067004401
California,Sacramento County,6067,6067004402
California,Sacramento County,6067,6067004501
California,Sacramento County,6067,6067004502
California,Sacramento County,6067,6067004601
California,Sacramento County,6067,6067004602
California,Sacramento County,6067,6067004701
California,Sacramento County,6067,6067004702
California,Sacramento County,6067,6067004903
California,Sacramento County,6067,6067005002
California,Sacramento County,6067,6067005201
California,Sacramento County,6067,6067005301
California,Sacramento County,6067,6067006202
California,Sacramento County,6067,6067006300
California,Sacramento County,6067,6067006500
California,Sacramento County,6067,6067006600
California,Sacramento County,6067,6067006702
California,Sacramento County,6067,6067006800
California,Sacramento County,6067,6067006900
California,Sacramento County,6067,6067007413
California,Sacramento County,6067,6067009110
California,San Bernardino County,6071,6071000301
California,San Bernardino County,6071,6071001503
California,San Bernardino County,6071,6071001504
California,San Bernardino County,6071,6071002803
California,San Bernardino County,6071,6071002804
California,San Bernardino County,6071,6071003700
California,San Bernardino County,6071,6071004201
California,San Bernardino County,6071,6071004202
California,San Bernardino County,6071,6071004302
California,San Bernardino County,6071,6071004800
California,San Bernardino County,6071,6071004900
California,San Bernardino County,6071,6071005400
California,San Bernardino County,6071,6071005500
California,San Bernardino County,6071,6071005600
California,San Bernardino County,6071,6071005701
California,San Bernardino County,6071,6071005800
California,San Bernardino County,6071,6071006401
California,San Bernardino County,6071,6071006402
California,San Bernardino County,6071,6071006500
California,San Bernardino County,6071,6071007200
California,San Bernardino County,6071,6071007407
California,San Bernardino County,6071,6071007408
California,San Bernardino County,6071,6071009112
California,San Bernardino County,6071,6071009114
California,San Bernardino County,6071,6071009117
California,San Bernardino County,6071,6071009400
California,San Bernardino County,6071,6071009800
California,San Diego County,6073,6073002201
California,San Diego County,6073,6073002202
California,San Diego County,6073,6073002301
California,San Diego County,6073,6073002302
California,San Diego County,6073,6073002401
California,San Diego County,6073,6073002402
California,San Diego County,6073,6073002501
California,San Diego County,6073,6073002601
California,San Diego County,6073,6073002707
California,San Diego County,6073,6073002708
California,San Diego County,6073,6073002709
California,San Diego County,6073,6073002710
California,San Diego County,6073,6073002801
California,San Diego County,6073,6073002904
California,San Diego County,6073,6073003301
California,San Diego County,6073,6073003303
California,San Diego County,6073,6073003304
California,San Diego County,6073,6073003305
California,San Diego County,6073,6073003501
California,San Diego County,6073,6073003502
California,San Diego County,6073,6073003601
California,San Diego County,6073,6073003901
California,San Diego County,6073,6073003902
California,San Diego County,6073,6073004000
California,San Diego County,6073,6073004700
California,San Diego County,6073,6073004800
California,San Diego County,6073,6073004900
California,San Diego County,6073,6073005000
California,San Diego County,6073,6073005700
California,San Diego County,6073,6073008600
California,San Diego County,6073,6073010013
California,San Diego County,6073,6073011601
California,San Diego County,6073,6073011700
California,San Diego County,6073,6073011802
California,San Diego County,6073,6073014400
California,San Diego County,6073,6073015701
California,San Diego County,6073,6073015802
California,San Diego County,6073,6073015901
California,San Diego County,6073,6073019501
California,San Diego County,6073,6073019502
California,San Diego County,6073,6073020028
California,San Diego County,6073,6073020202
California,San Diego County,6073,6073020213
California,San Diego County,6073,6073020214
California,San Diego County,6073,6073021900
California,San Francisco County,6075,6075012202
California,San Francisco County,6075,6075012301
California,San Francisco County,6075,6075012302
California,San Francisco County,6075,6075012401
California,San Francisco County,6075,6075012501
California,San Francisco County,6075,6075012502
California,San Francisco County,6075,6075023103
California,San Francisco County,6075,6075023400
California,San Francisco County,6075,6075060502
California,San Francisco County,6075,6075061100
California,San Joaquin County,6077,6077000100
California,San Joaquin County,6077,6077000300
California,San Joaquin County,6077,6077000402
California,San Joaquin County,6077,6077000500
California,San Joaquin County,6077,6077000600
California,San Joaquin County,6077,6077000700
California,San Joaquin County,6077,6077001600
California,San Joaquin County,6077,6077001700
California,San Joaquin County,6077,6077001900
California,San Joaquin County,6077,6077002000
California,San Joaquin County,6077,6077002100
California,San Joaquin County,6077,6077002201
California,San Joaquin County,6077,6077002202
California,San Joaquin County,6077,6077002300
California,San Joaquin County,6077,6077002503
California,San Joaquin County,6077,6077002701
California,San Joaquin County,6077,6077002702
California,San Joaquin County,6077,6077003113
California,San Joaquin County,6077,6077003217
California,San Joaquin County,6077,6077003308
California,San Joaquin County,6077,6077003312
California,San Joaquin County,6077,6077003313
California,San Joaquin County,6077,6077003405
California,San Joaquin County,6077,6077003406
California,San Joaquin County,6077,6077003407
California,San Joaquin County,6077,6077004403
California,San Joaquin County,6077,6077004404
California,San Joaquin County,6077,6077004502
California,San Luis Obispo County,6079,6079010901
California,San Luis Obispo County,6079,6079010902
California,San Luis Obispo County,6079,6079011101
California,San Luis Obispo County,6079,6079011200
California,Santa Barbara County,6083,6083001206
California,Santa Barbara County,6083,6083002403
California,Santa Barbara County,6083,6083002404
California,Santa Barbara County,6083,6083002702
California,Santa Barbara County,6083,6083002924
California,Santa Barbara County,6083,6083002926
California,Santa Barbara County,6083,6083002928
California,Santa Clara County,6085,6085500901
California,Santa Clara County,6085,6085500902
California,Santa Clara County,6085,6085501000
California,Santa Clara County,6085,6085501600
California,Santa Clara County,6085,6085513000
California,Santa Cruz County,6087,6087101000
California,Shasta County,6089,6089010100
California,Siskiyou County,6093,6093000100
California,Sonoma County,6097,6097152000
California,Stanislaus County,6099,6099001601
California,Stanislaus County,6099,6099001604
California,Stanislaus County,6099,6099001700
California,Stanislaus County,6099,6099001800
California,Stanislaus County,6099,6099002100
California,Stanislaus County,6099,6099002200
California,Stanislaus County,6099,6099002302
California,Stanislaus County,6099,6099002401
California,Stanislaus County,6099,6099002402
California,Stanislaus County,6099,6099002602
California,Sutter County,6101,6101050202
California,Sutter County,6101,6101050702
California,Tulare County,6107,6107000201
California,Tulare County,6107,6107000202
California,Tulare County,6107,6107000302
California,Tulare County,6107,6107000501
California,Tulare County,6107,6107000600
California,Tulare County,6107,6107000702
California,Tulare County,6107,6107000800
California,Tulare County,6107,6107000900
California,Tulare County,6107,6107001004
California,Tulare County,6107,6107001100
California,Tulare County,6107,6107001200
California,Tulare County,6107,6107001502
California,Tulare County,6107,6107001601
California,Tulare County,6107,6107001602
California,Tulare County,6107,6107001701
California,Tulare County,6107,6107002202
California,Tulare County,6107,6107002601
California,Tulare County,6107,6107002602
California,Tulare County,6107,6107002800
California,Tulare County,6107,6107002901
California,Tulare County,6107,6107003001
California,Tulare County,6107,6107003002
California,Tulare County,6107,6107003200
California,Tulare County,6107,6107003300
California,Tulare County,6107,6107003400
California,Tulare County,6107,6107003802
California,Tulare County,6107,6107003901
California,Tulare County,6107,6107003902
California,Tulare County,6107,6107004101
California,Tulare County,6107,6107004102
California,Tulare County,6107,6107004200
California,Tulare County,6107,6107004300
California,Tulare County,6107,6107004400
California,Tulare County,6107,6107004500
California,Ventura County,6111,6111003201
California,Ventura County,6111,6111004506
California,Ventura County,6111,6111005002
California,Ventura County,6111,6111009100
California,Yolo County,6113,6113010101
California,Yolo County,6113,6113010203
California,Yolo County,6113,6113010501
California,Yolo County,6113,6113010510
California,Yolo County,6113,6113010511
California,Yolo County,6113,6113010512
California,Yolo County,6113,6113010513
California,Yolo County,6113,6113010602
California,Yolo County,6113,6113010701
California,Yolo County,6113,6113010703
California,Yuba County,6115,6115040301
California,Yuba County,6115,6115040302
California,Yuba County,6115,6115040400
Colorado,Adams County,8001,8001007801
Colorado,Adams County,8001,8001007802
Colorado,Adams County,8001,8001008706
Colorado,Adams County,8001,8001008709
Colorado,Alamosa County,8003,8003960200
Colorado,Alamosa County,8003,8003960300
Colorado,Arapahoe County,8005,8005007302
Colorado,Boulder County,8013,8013012202
Colorado,Boulder County,8013,8013012204
Colorado,Boulder County,8013,8013012300
Colorado,Boulder County,8013,8013012401
Colorado,Boulder County,8013,8013012507
Colorado,Boulder County,8013,8013012605
Colorado,Boulder County,8013,8013012607
Colorado,Conejos County,8021,8021974800
Colorado,Costilla County,8023,8023972700
Colorado,Denver County,8031,8031000702
Colorado,Denver County,8031,8031000800
Colorado,Denver County,8031,8031000904
Colorado,Denver County,8031,8031001101
Colorado,Denver County,8031,8031001500
Colorado,Denver County,8031,8031001702
Colorado,Denver County,8031,8031001800
Colorado,Denver County,8031,8031001901
Colorado,Denver County,8031,8031002403
Colorado,Denver County,8031,8031003500
Colorado,Denver County,8031,8031003601
Colorado,Denver County,8031,8031004101
Colorado,Denver County,8031,8031004404
Colorado,Denver County,8031,8031004504
Colorado,Denver County,8031,8031004505
Colorado,Denver County,8031,8031004506
Colorado,El Paso County,8041,8041001600
Colorado,El Paso County,8041,8041002300
Colorado,El Paso County,8041,8041006100
Colorado,Gunnison County,8051,8051963700
Colorado,Larimer County,8069,8069000100
Colorado,Larimer County,8069,8069000201
Colorado,Larimer County,8069,8069000503
Colorado,Larimer County,8069,8069000504
Colorado,Larimer County,8069,8069000600
Colorado,Larimer County,8069,8069000700
Colorado,Larimer County,8069,8069001111
Colorado,Mesa County,8077,8077000200
Colorado,Montezuma County,8083,8083941100
Colorado,Otero County,8089,8089968100
Colorado,Otero County,8089,8089968400
Colorado,Otero County,8089,8089968600
Colorado,Prowers County,8099,8099000200
Colorado,Prowers County,8099,8099000700
Colorado,Pueblo County,8101,8101000600
Colorado,Pueblo County,8101,8101000905
Colorado,Pueblo County,8101,8101001000
Colorado,Pueblo County,8101,8101001100
Colorado,Pueblo County,8101,8101001200
Colorado,Pueblo County,8101,8101001400
Colorado,Pueblo County,8101,8101002100
Colorado,Pueblo County,8101,8101002200
Colorado,Pueblo County,8101,8101002300
Colorado,Pueblo County,8101,8101002500
Colorado,Pueblo County,8101,8101002600
Colorado,Pueblo County,8101,8101002901
Colorado,Pueblo County,8101,8101003500
Colorado,Pueblo County,8101,8101003600
Colorado,Weld County,8123,8123000100
Colorado,Weld County,8123,8123000200
Colorado,Weld County,8123,8123000501
Colorado,Weld County,8123,8123000600
Colorado,Weld County,8123,8123000800
Colorado,Weld County,8123,8123001003
Colorado,Weld County,8123,8123001004
Connecticut,Fairfield County,9001,9001070300
Connecticut,Fairfield County,9001,9001070500
Connecticut,Fairfield County,9001,9001070600
Connecticut,Fairfield County,9001,9001070900
Connecticut,Fairfield County,9001,9001071600
Connecticut,Fairfield County,9001,9001073500
Connecticut,Fairfield County,9001,9001073600
Connecticut,Fairfield County,9001,9001073800
Connecticut,Fairfield County,9001,9001073900
Connecticut,Fairfield County,9001,9001074000
Connecticut,Fairfield County,9001,9001074300
Connecticut,Fairfield County,9001,9001074400
Connecticut,Hartford County,9003,9003415900
Connecticut,Hartford County,9003,9003416100
Connecticut,Hartford County,9003,9003416200
Connecticut,Hartford County,9003,9003416600
Connecticut,Hartford County,9003,9003417100
Connecticut,Hartford County,9003,9003500100
Connecticut,Hartford County,9003,9003500200
Connecticut,Hartford County,9003,9003500300
Connecticut,Hartford County,9003,9003500400
Connecticut,Hartford County,9003,9003500500
Connecticut,Hartford County,9003,9003500900
Connecticut,Hartford County,9003,9003501200
Connecticut,Hartford County,9003,9003501300
Connecticut,Hartford County,9003,9003501400
Connecticut,Hartford County,9003,9003501500
Connecticut,Hartford County,9003,9003501700
Connecticut,Hartford County,9003,9003501800
Connecticut,Hartford County,9003,9003502700
Connecticut,Hartford County,9003,9003502800
Connecticut,Hartford County,9003,9003503000
Connecticut,Hartford County,9003,9003503100
Connecticut,Hartford County,9003,9003503300
Connecticut,Hartford County,9003,9003503500
Connecticut,Hartford County,9003,9003503700
Connecticut,Hartford County,9003,9003504300
Connecticut,Hartford County,9003,9003504900
Connecticut,Hartford County,9003,9003524600
Connecticut,Middlesex County,9007,9007541600
Connecticut,New Haven County,9009,9009140200
Connecticut,New Haven County,9009,9009140300
Connecticut,New Haven County,9009,9009140500
Connecticut,New Haven County,9009,9009140600
Connecticut,New Haven County,9009,9009140700
Connecticut,New Haven County,9009,9009140800
Connecticut,New Haven County,9009,9009141300
Connecticut,New Haven County,9009,9009141600
Connecticut,New Haven County,9009,9009142100
Connecticut,New Haven County,9009,9009142300
Connecticut,New Haven County,9009,9009142400
Connecticut,New Haven County,9009,9009142500
Connecticut,New Haven County,9009,9009170100
Connecticut,New Haven County,9009,9009171000
Connecticut,New Haven County,9009,9009350100
Connecticut,New Haven County,9009,9009350200
Connecticut,New Haven County,9009,9009350300
Connecticut,New Haven County,9009,9009350400
Connecticut,New Haven County,9009,9009350500
Connecticut,New Haven County,9009,9009351700
Connecticut,New Haven County,9009,9009352200
Connecticut,New Haven County,9009,9009361401
Connecticut,New Haven County,9009,9009361402
Connecticut,New London County,9011,9011690500
Connecticut,Tolland County,9013,9013881300
Connecticut,Windham County,9015,9015800300
Delaware,Kent County,10001,10001041300
Delaware,New Castle County,10003,10003000602
Delaware,New Castle County,10003,10003001600
Delaware,New Castle County,10003,10003001902
Delaware,New Castle County,10003,10003002100
Delaware,New Castle County,10003,10003002200
Delaware,New Castle County,10003,10003002300
Delaware,New Castle County,10003,10003002900
Delaware,New Castle County,10003,10003003002
Delaware,New Castle County,10003,10003014402
Delaware,New Castle County,10003,10003014501
District of Columbia,District of Columbia,11001,11001002801
District of Columbia,District of Columbia,11001,11001002802
District of Columbia,District of Columbia,11001,11001003000
District of Columbia,District of Columbia,11001,11001004701
District of Columbia,District of Columbia,11001,11001005900
District of Columbia,District of Columbia,11001,11001006400
District of Columbia,District of Columbia,11001,11001007100
District of Columbia,District of Columbia,11001,11001007304
District of Columbia,District of Columbia,11001,11001007401
District of Columbia,District of Columbia,11001,11001007403
District of Columbia,District of Columbia,11001,11001007406
District of Columbia,District of Columbia,11001,11001007408
District of Columbia,District of Columbia,11001,11001007409
District of Columbia,District of Columbia,11001,11001007502
District of Columbia,District of Columbia,11001,11001007503
District of Columbia,District of Columbia,11001,11001007504
District of Columbia,District of Columbia,11001,11001007703
District of Columbia,District of Columbia,11001,11001007708
District of Columbia,District of Columbia,11001,11001007804
District of Columbia,District of Columbia,11001,11001007808
District of Columbia,District of Columbia,11001,11001007901
District of Columbia,District of Columbia,11001,11001008803
District of Columbia,District of Columbia,11001,11001008904
District of Columbia,District of Columbia,11001,11001009102
District of Columbia,District of Columbia,11001,11001009204
District of Columbia,District of Columbia,11001,11001009602
District of Columbia,District of Columbia,11001,11001009700
District of Columbia,District of Columbia,11001,11001009801
District of Columbia,District of Columbia,11001,11001009802
District of Columbia,District of Columbia,11001,11001009803
District of Columbia,District of Columbia,11001,11001009804
District of Columbia,District of Columbia,11001,11001009810
District of Columbia,District of Columbia,11001,11001009811
District of Columbia,District of Columbia,11001,11001009904
District of Columbia,District of Columbia,11001,11001009905
District of Columbia,District of Columbia,11001,11001010500
District of Columbia,District of Columbia,11001,11001010800
Florida,Alachua County,12001,12001000200
Florida,Alachua County,12001,12001000301
Florida,Alachua County,12001,12001000500
Florida,Alachua County,12001,12001000600
Florida,Alachua County,12001,12001000700
Florida,Alachua County,12001,12001000806
Florida,Alachua County,12001,12001000808
Florida,Alachua County,12001,12001000809
Florida,Alachua County,12001,12001000902
Florida,Alachua County,12001,12001001000
Florida,Alachua County,12001,12001001514
Florida,Alachua County,12001,12001001515
Florida,Alachua County,12001,12001001516
Florida,Alachua County,12001,12001001517
Florida,Alachua County,12001,12001001519
Florida,Alachua County,12001,12001001520
Florida,Alachua County,12001,12001001521
Florida,Alachua County,12001,12001001603
Florida,Alachua County,12001,12001001604
Florida,Alachua County,12001,12001001902
Florida,Bay County,12005,12005001600
Florida,Bay County,12005,12005001700
Florida,Bay County,12005,12005002200
Florida,Bradford County,12007,12007000100
Florida,Brevard County,12009,12009060700
Florida,Brevard County,12009,12009062600
Florida,Brevard County,12009,12009064902
Florida,Broward County,12011,12011030401
Florida,Broward County,12011,12011030402
Florida,Broward County,12011,12011030500
Florida,Broward County,12011,12011030801
Florida,Broward County,12011,12011040901
Florida,Broward County,12011,12011040902
Florida,Broward County,12011,12011041000
Florida,Broward County,12011,12011041200
Florida,Broward County,12011,12011041400
Florida,Broward County,12011,12011041500
Florida,Broward County,12011,12011041600
Florida,Broward County,12011,12011041700
Florida,Broward County,12011,12011050307
Florida,Broward County,12011,12011050308
Florida,Broward County,12011,12011050800
Florida,Broward County,12011,12011080500
Florida,Broward County,12011,12011100400
Florida,Broward County,12011,12011100700
Florida,Collier County,12021,12021000700
Florida,Collier County,12021,12021011204
Florida,Collier County,12021,12021011205
Florida,Collier County,12021,12021011301
Florida,Collier County,12021,12021011302
Florida,Collier County,12021,12021011400
Florida,Columbia County,12023,12023110300
Florida,DeSoto County,12027,12027010301
Florida,DeSoto County,12027,12027010302
Florida,Duval County,12031,12031000200
Florida,Duval County,12031,12031000300
Florida,Duval County,12031,12031001000
Florida,Duval County,12031,12031001300
Florida,Duval County,12031,12031001400
Florida,Duval County,12031,12031001500
Florida,Duval County,12031,12031001600
Florida,Duval County,12031,12031002600
Florida,Duval County,12031,12031002701
Florida,Duval County,12031,12031002702
Florida,Duval County,12031,12031002801
Florida,Duval County,12031,12031002802
Florida,Duval County,12031,12031002901
Florida,Duval County,12031,12031002902
Florida,Duval County,12031,12031011300
Florida,Duval County,12031,12031011500
Florida,Duval County,12031,12031011600
Florida,Duval County,12031,12031016300
Florida,Duval County,12031,12031017200
Florida,Duval County,12031,12031017400
Florida,Escambia County,12033,12033000300
Florida,Escambia County,12033,12033000400
Florida,Escambia County,12033,12033000600
Florida,Escambia County,12033,12033001500
Florida,Escambia County,12033,12033001600
Florida,Escambia County,12033,12033001700
Florida,Escambia County,12033,12033001800
Florida,Escambia County,12033,12033001900
Florida,Escambia County,12033,12033002000
Florida,Escambia County,12033,12033002200
Florida,Escambia County,12033,12033003100
Florida,Gadsden County,12039,12039020102
Florida,Gadsden County,12039,12039020702
Florida,Hamilton County,12047,12047960200
Florida,Hardee County,12049,12049970201
Florida,Hendry County,12051,12051000200
Florida,Hendry County,12051,12051000600
Florida,Highlands County,12055,12055960300
Florida,Highlands County,12055,12055960900
Florida,Highlands County,12055,12055961700
Florida,Hillsborough County,12057,12057000201
Florida,Hillsborough County,12057,12057000202
Florida,Hillsborough County,12057,12057000300
Florida,Hillsborough County,12057,12057000700
Florida,Hillsborough County,12057,12057001001
Florida,Hillsborough County,12057,12057001002
Florida,Hillsborough County,12057,12057001200
Florida,Hillsborough County,12057,12057001800
Florida,Hillsborough County,12057,12057001900
Florida,Hillsborough County,12057,12057002000
Florida,Hillsborough County,12057,12057003000
Florida,Hillsborough County,12057,12057003100
Florida,Hillsborough County,12057,12057003300
Florida,Hillsborough County,12057,12057003400
Florida,Hillsborough County,12057,12057003500
Florida,Hillsborough County,12057,12057003600
Florida,Hillsborough County,12057,12057003700
Florida,Hillsborough County,12057,12057003800
Florida,Hillsborough County,12057,12057003900
Florida,Hillsborough County,12057,12057004000
Florida,Hillsborough County,12057,12057004100
Florida,Hillsborough County,12057,12057004300
Florida,Hillsborough County,12057,12057004400
Florida,Hillsborough County,12057,12057005000
Florida,Hillsborough County,12057,12057005101
Florida,Hillsborough County,12057,12057010501
Florida,Hillsborough County,12057,12057010502
Florida,Hillsborough County,12057,12057010805
Florida,Hillsborough County,12057,12057010808
Florida,Hillsborough County,12057,12057010812
Florida,Hillsborough County,12057,12057010813
Florida,Hillsborough County,12057,12057010815
Florida,Hillsborough County,12057,12057010816
Florida,Hillsborough County,12057,12057010817
Florida,Hillsborough County,12057,12057010818
Florida,Hillsborough County,12057,12057012900
Florida,Hillsborough County,12057,12057013505
Florida,Holmes County,12059,12059960400
Florida,Indian River County,12061,12061050302
Florida,Jackson County,12063,12063210400
Florida,Jackson County,12063,12063210500
Florida,Jackson County,12063,12063210600
Florida,Lake County,12069,12069030503
Florida,Lee County,12071,12071000302
Florida,Lee County,12071,12071000502
Florida,Lee County,12071,12071000504
Florida,Lee County,12071,12071000600
Florida,Leon County,12073,12073000400
Florida,Leon County,12073,12073000500
Florida,Leon County,12073,12073000600
Florida,Leon County,12073,12073001001
Florida,Leon County,12073,12073001101
Florida,Leon County,12073,12073001200
Florida,Leon County,12073,12073001401
Florida,Leon County,12073,12073001402
Florida,Leon County,12073,12073001901
Florida,Leon County,12073,12073001902
Florida,Leon County,12073,12073002003
Florida,Leon County,12073,12073002004
Florida,Leon County,12073,12073002005
Florida,Leon County,12073,12073002006
Florida,Leon County,12073,12073002103
Florida,Leon County,12073,12073002104
Florida,Levy County,12075,12075970200
Florida,Levy County,12075,12075970600
Florida,Madison County,12079,12079110200
Florida,Madison County,12079,12079110301
Florida,Madison County,12079,12079110302
Florida,Manatee County,12081,12081000103
Florida,Manatee County,12081,12081000105
Florida,Manatee County,12081,12081000106
Florida,Manatee County,12081,12081000703
Florida,Manatee County,12081,12081001502
Florida,Marion County,12083,12083000302
Florida,Marion County,12083,12083001500
Florida,Marion County,12083,12083001700
Florida,Marion County,12083,12083001800
Florida,Marion County,12083,12083002002
Florida,Martin County,12085,12085000800
Florida,Martin County,12085,12085001801
Florida,Martin County,12085,12085001802
Florida,Miami-Dade County,12086,12086000403
Florida,Miami-Dade County,12086,12086000408
Florida,Miami-Dade County,12086,12086000411
Florida,Miami-Dade County,12086,12086000412
Florida,Miami-Dade County,12086,12086000413
Florida,Miami-Dade County,12086,12086000414
Florida,Miami-Dade County,12086,12086000503
Florida,Miami-Dade County,12086,12086000709
Florida,Miami-Dade County,12086,12086000710
Florida,Miami-Dade County,12086,12086000711
Florida,Miami-Dade County,12086,12086000712
Florida,Miami-Dade County,12086,12086000804
Florida,Miami-Dade County,12086,12086000807
Florida,Miami-Dade County,12086,12086001002
Florida,Miami-Dade County,12086,12086001003
Florida,Miami-Dade County,12086,12086001004
Florida,Miami-Dade County,12086,12086001006
Florida,Miami-Dade County,12086,12086001401
Florida,Miami-Dade County,12086,12086001402
Florida,Miami-Dade County,12086,12086001501
Florida,Miami-Dade County,12086,12086001502
Florida,Miami-Dade County,12086,12086001605
Florida,Miami-Dade County,12086,12086001703
Florida,Miami-Dade County,12086,12086001801
Florida,Miami-Dade County,12086,12086001802
Florida,Miami-Dade County,12086,12086001803
Florida,Miami-Dade County,12086,12086001901
Florida,Miami-Dade County,12086,12086001903
Florida,Miami-Dade County,12086,12086001904
Florida,Miami-Dade County,12086,12086002001
Florida,Miami-Dade County,12086,12086002003
Florida,Miami-Dade County,12086,12086002004
Florida,Miami-Dade County,12086,12086002202
Florida,Miami-Dade County,12086,12086002300
Florida,Miami-Dade County,12086,12086002402
Florida,Miami-Dade County,12086,12086002403
Florida,Miami-Dade County,12086,12086002404
Florida,Miami-Dade County,12086,12086002501
Florida,Miami-Dade County,12086,12086002502
Florida,Miami-Dade County,12086,12086002600
Florida,Miami-Dade County,12086,12086002800
Florida,Miami-Dade County,12086,12086002900
Florida,Miami-Dade County,12086,12086003001
Florida,Miami-Dade County,12086,12086003004
Florida,Miami-Dade County,12086,12086003100
Florida,Miami-Dade County,12086,12086003400
Florida,Miami-Dade County,12086,12086003601
Florida,Miami-Dade County,12086,12086003602
Florida,Miami-Dade County,12086,12086004403
Florida,Miami-Dade County,12086,12086004404
Florida,Miami-Dade County,12086,12086004901
Florida,Miami-Dade County,12086,12086005002
Florida,Miami-Dade County,12086,12086005102
Florida,Miami-Dade County,12086,12086005103
Florida,Miami-Dade County,12086,12086005104
Florida,Miami-Dade County,12086,12086005201
Florida,Miami-Dade County,12086,12086005202
Florida,Miami-Dade County,12086,12086005302
Florida,Miami-Dade County,12086,12086005303
Florida,Miami-Dade County,12086,12086005304
Florida,Miami-Dade County,12086,12086005403
Florida,Miami-Dade County,12086,12086005405
Florida,Miami-Dade County,12086,12086005406
Florida,Miami-Dade County,12086,12086005409
Florida,Miami-Dade County,12086,12086005410
Florida,Miami-Dade County,12086,12086005502
Florida,Miami-Dade County,12086,12086006301
Florida,Miami-Dade County,12086,12086006402
Florida,Miami-Dade County,12086,12086006403
Florida,Miami-Dade County,12086,12086006602
Florida,Miami-Dade County,12086,12086007603
Florida,Miami-Dade County,12086,12086008309
Florida,Miami-Dade County,12086,12086009017
Florida,Miami-Dade County,12086,12086009307
Florida,Miami-Dade County,12086,12086010010
Florida,Miami-Dade County,12086,12086010207
Florida,Miami-Dade County,12086,12086010900
Florida,Miami-Dade County,12086,12086011001
Florida,Miami-Dade County,12086,12086011101
Florida,Miami-Dade County,12086,12086011201
Florida,Miami-Dade County,12086,12086011300
Florida,Okaloosa County,12091,12091022600
Florida,Okeechobee County,12093,12093910201
Florida,Okeechobee County,12093,12093910300
Florida,Orange County,12095,12095010400
Florida,Orange County,12095,12095010500
Florida,Orange County,12095,12095011702
Florida,Orange County,12095,12095014601
Florida,Orange County,12095,12095016503
Florida,Orange County,12095,12095016510
Florida,Orange County,12095,12095016511
Florida,Orange County,12095,12095018700
Florida,Palm Beach County,12099,12099001301
Florida,Palm Beach County,12099,12099001302
Florida,Palm Beach County,12099,12099001403
Florida,Palm Beach County,12099,12099001404
Florida,Palm Beach County,12099,12099001600
Florida,Palm Beach County,12099,12099001700
Florida,Palm Beach County,12099,12099002100
Florida,Palm Beach County,12099,12099002200
Florida,Palm Beach County,12099,12099002300
Florida,Palm Beach County,12099,12099002400
Florida,Palm Beach County,12099,12099002900
Florida,Palm Beach County,12099,12099004402
Florida,Palm Beach County,12099,12099005202
Florida,Palm Beach County,12099,12099008001
Florida,Palm Beach County,12099,12099008002
Florida,Palm Beach County,12099,12099008201
Florida,Palm Beach County,12099,12099008202
Florida,Palm Beach County,12099,12099008301
Florida,Palm Beach County,12099,12099008302
Florida,Pasco County,12101,12101032402
Florida,Pinellas County,12103,12103020500
Florida,Pinellas County,12103,12103020600
Florida,Pinellas County,12103,12103020800
Florida,Pinellas County,12103,12103021200
Florida,Pinellas County,12103,12103021600
Florida,Pinellas County,12103,12103026101
Florida,Pinellas County,12103,12103026200
Florida,Pinellas County,12103,12103028700
Florida,Polk County,12105,12105010800
Florida,Polk County,12105,12105011000
Florida,Polk County,12105,12105011100
Florida,Polk County,12105,12105011202
Florida,Polk County,12105,12105012601
Florida,Polk County,12105,12105012602
Florida,Polk County,12105,12105013200
Florida,Polk County,12105,12105013300
Florida,Polk County,12105,12105013600
Florida,Polk County,12105,12105013701
Florida,Polk County,12105,12105014301
Florida,Polk County,12105,12105015200
Florida,Polk County,12105,12105016400
Florida,Putnam County,12107,12107950700
Florida,Putnam County,12107,12107950800
Florida,Putnam County,12107,12107951401
Florida,Putnam County,12107,12107951402
Florida,St. Johns County,12109,12109021002
Florida,St. Lucie County,12111,12111380100
Florida,St. Lucie County,12111,12111380200
Florida,St. Lucie County,12111,12111380300
Florida,St. Lucie County,12111,12111380400
Florida,Santa Rosa County,12113,12113010600
Florida,Sarasota County,12115,12115000200
Florida,Sarasota County,12115,12115000300
Florida,Seminole County,12117,12117020500
Florida,Taylor County,12123,12123950300
Florida,Volusia County,12127,12127081500
Florida,Volusia County,12127,12127081600
Florida,Volusia County,12127,12127081900
Florida,Volusia County,12127,12127082000
Florida,Volusia County,12127,12127082100
Florida,Volusia County,12127,12127082201
Florida,Volusia County,12127,12127090500
Florida,Volusia County,12127,12127090600
Georgia,Appling County,13001,13001950200
Georgia,Atkinson County,13003,13003960100
Georgia,Atkinson County,13003,13003960200
Georgia,Baker County,13007,13007960100
Georgia,Baldwin County,13009,13009970500
Georgia,Baldwin County,13009,13009970701
Georgia,Ben Hill County,13017,13017960400
Georgia,Ben Hill County,13017,13017960500
Georgia,Bibb County,13021,13021010100
Georgia,Bibb County,13021,13021010300
Georgia,Bibb County,13021,13021010400
Georgia,Bibb County,13021,13021010500
Georgia,Bibb County,13021,13021010800
Georgia,Bibb County,13021,13021011100
Georgia,Bibb County,13021,13021011500
Georgia,Bibb County,13021,13021012200
Georgia,Bibb County,13021,13021012300
Georgia,Bibb County,13021,13021012400
Georgia,Bibb County,13021,13021012500
Georgia,Bibb County,13021,13021012700
Georgia,Bibb County,13021,13021012800
Georgia,Bibb County,13021,13021013700
Georgia,Bibb County,13021,13021013800
Georgia,Bibb County,13021,13021013900
Georgia,Brooks County,13027,13027960400
Georgia,Brooks County,13027,13027960500
Georgia,Bulloch County,13031,13031110401
Georgia,Bulloch County,13031,13031110403
Georgia,Bulloch County,13031,13031110404
Georgia,Bulloch County,13031,13031110500
Georgia,Burke County,13033,13033950400
Georgia,Burke County,13033,13033950700
Georgia,Calhoun County,13037,13037950200
Georgia,Candler County,13043,13043950100
Georgia,Carroll County,13045,13045910501
Georgia,Carroll County,13045,13045910502
Georgia,Chatham County,13051,13051000100
Georgia,Chatham County,13051,13051000601
Georgia,Chatham County,13051,13051001100
Georgia,Chatham County,13051,13051001200
Georgia,Chatham County,13051,13051001500
Georgia,Chatham County,13051,13051002000
Georgia,Chatham County,13051,13051002100
Georgia,Chatham County,13051,13051002300
Georgia,Chatham County,13051,13051003601
Georgia,Chatham County,13051,13051004400
Georgia,Chatham County,13051,13051010101
Georgia,Chatham County,13051,13051011200
Georgia,Chatham County,13051,13051011300
Georgia,Chatham County,13051,13051011400
Georgia,Chatham County,13051,13051011600
Georgia,Clarke County,13059,13059000100
Georgia,Clarke County,13059,13059000401
Georgia,Clarke County,13059,13059000402
Georgia,Clarke County,13059,13059000600
Georgia,Clarke County,13059,13059000900
Georgia,Clarke County,13059,13059001900
Georgia,Clarke County,13059,13059002100
Georgia,Clarke County,13059,13059002200
Georgia,Clarke County,13059,13059030100
Georgia,Clarke County,13059,13059030200
Georgia,Clarke County,13059,13059130300
Georgia,Clarke County,13059,13059150400
Georgia,Clarke County,13059,13059150500
Georgia,Clarke County,13059,13059150600
Georgia,Clinch County,13065,13065970100
Georgia,Clinch County,13065,13065970200
Georgia,Coffee County,13069,13069010300
Georgia,Coffee County,13069,13069010700
Georgia,Coffee County,13069,13069010801
Georgia,Colquitt County,13071,13071970300
Georgia,Colquitt County,13071,13071970702
Georgia,Cook County,13075,13075960100
Georgia,Cook County,13075,13075960200
Georgia,Cook County,13075,13075960400
Georgia,Crawford County,13079,13079070100
Georgia,Crisp County,13081,13081010100
Georgia,Crisp County,13081,13081010201
Georgia,Crisp County,13081,13081010202
Georgia,Crisp County,13081,13081010300
Georgia,Crisp County,13081,13081010400
Georgia,Decatur County,13087,13087970300
Georgia,Decatur County,13087,13087970400
Georgia,Decatur County,13087,13087970800
Georgia,DeKalb County,13089,13089020600
Georgia,DeKalb County,13089,13089021204
Georgia,DeKalb County,13089,13089022100
Georgia,DeKalb County,13089,13089022402
Georgia,DeKalb County,13089,13089023501
Georgia,DeKalb County,13089,13089023700
Georgia,DeKalb County,13089,13089023802
Georgia,Dodge County,13091,13091960400
Georgia,Dooly County,13093,13093970100
Georgia,Dooly County,13093,13093970300
Georgia,Dougherty County,13095,13095000100
Georgia,Dougherty County,13095,13095000200
Georgia,Dougherty County,13095,13095000800
Georgia,Dougherty County,13095,13095001100
Georgia,Dougherty County,13095,13095001403
Georgia,Dougherty County,13095,13095001500
Georgia,Dougherty County,13095,13095010302
Georgia,Dougherty County,13095,13095010601
Georgia,Dougherty County,13095,13095010602
Georgia,Dougherty County,13095,13095010700
Georgia,Dougherty County,13095,13095011300
Georgia,Dougherty County,13095,13095011400
Georgia,Early County,13099,13099090100
Georgia,Early County,13099,13099090200
Georgia,Early County,13099,13099090400
Georgia,Elbert County,13105,13105000400
Georgia,Emanuel County,13107,13107970300
Georgia,Emanuel County,13107,13107970400
Georgia,Evans County,13109,13109970200
Georgia,Evans County,13109,13109970300
Georgia,Floyd County,13115,13115000600
Georgia,Floyd County,13115,13115001100
Georgia,Floyd County,13115,13115001600
Georgia,Floyd County,13115,13115002100
Georgia,Fulton County,13121,13121000600
Georgia,Fulton County,13121,13121001002
Georgia,Fulton County,13121,13121001800
Georgia,Fulton County,13121,13121001900
Georgia,Fulton County,13121,13121002100
Georgia,Fulton County,13121,13121002300
Georgia,Fulton County,13121,13121002400
Georgia,Fulton County,13121,13121002500
Georgia,Fulton County,13121,13121002600
Georgia,Fulton County,13121,13121002800
Georgia,Fulton County,13121,13121003600
Georgia,Fulton County,13121,13121003700
Georgia,Fulton County,13121,13121003800
Georgia,Fulton County,13121,13121003900
Georgia,Fulton County,13121,13121004000
Georgia,Fulton County,13121,13121004100
Georgia,Fulton County,13121,13121004200
Georgia,Fulton County,13121,13121004300
Georgia,Fulton County,13121,13121004400
Georgia,Fulton County,13121,13121004800
Georgia,Fulton County,13121,13121005501
Georgia,Fulton County,13121,13121005502
Georgia,Fulton County,13121,13121005700
Georgia,Fulton County,13121,13121005800
Georgia,Fulton County,13121,13121006200
Georgia,Fulton County,13121,13121006300
Georgia,Fulton County,13121,13121006400
Georgia,Fulton County,13121,13121006601
Georgia,Fulton County,13121,13121006602
Georgia,Fulton County,13121,13121006700
Georgia,Fulton County,13121,13121006802
Georgia,Fulton County,13121,13121007001
Georgia,Fulton County,13121,13121007002
Georgia,Fulton County,13121,13121007100
Georgia,Fulton County,13121,13121007200
Georgia,Fulton County,13121,13121007300
Georgia,Fulton County,13121,13121007400
Georgia,Fulton County,13121,13121007603
Georgia,Fulton County,13121,13121007604
Georgia,Fulton County,13121,13121007807
Georgia,Fulton County,13121,13121007808
Georgia,Fulton County,13121,13121008102
Georgia,Fulton County,13121,13121008202
Georgia,Fulton County,13121,13121008301
Georgia,Fulton County,13121,13121008302
Georgia,Fulton County,13121,13121008400
Georgia,Fulton County,13121,13121008500
Georgia,Fulton County,13121,13121008601
Georgia,Fulton County,13121,13121008700
Georgia,Fulton County,13121,13121010601
Georgia,Fulton County,13121,13121011000
Georgia,Fulton County,13121,13121011201
Georgia,Fulton County,13121,13121011800
Georgia,Fulton County,13121,13121011900
Georgia,Fulton County,13121,13121012000
Georgia,Glynn County,13127,13127000700
Georgia,Glynn County,13127,13127000800
Georgia,Glynn County,13127,13127000900
Georgia,Grady County,13131,13131950300
Georgia,Grady County,13131,13131950400
Georgia,Greene County,13133,13133950303
Georgia,Hall County,13139,13139001101
Georgia,Hall County,13139,13139001102
Georgia,Hancock County,13141,13141480400
Georgia,Houston County,13153,13153020300
Georgia,Houston County,13153,13153020400
Georgia,Houston County,13153,13153020700
Georgia,Irwin County,13155,13155950200
Georgia,Jefferson County,13163,13163960100
Georgia,Jefferson County,13163,13163960300
Georgia,Jenkins County,13165,13165960100
Georgia,Johnson County,13167,13167960200
Georgia,Laurens County,13175,13175950400
Georgia,Laurens County,13175,13175950800
Georgia,Laurens County,13175,13175950900
Georgia,Liberty County,13179,13179010600
Georgia,Long County,13183,13183970200
Georgia,Lowndes County,13185,13185010500
Georgia,Lowndes County,13185,13185010800
Georgia,Lowndes County,13185,13185010900
Georgia,Lowndes County,13185,13185011000
Georgia,Lowndes County,13185,13185011100
Georgia,Lowndes County,13185,13185011301
Georgia,Lowndes County,13185,13185011302
Georgia,McDuffie County,13189,13189950200
Georgia,Macon County,13193,13193000300
Georgia,Macon County,13193,13193000400
Georgia,Meriwether County,13199,13199970800
Georgia,Mitchell County,13205,13205090300
Georgia,Montgomery County,13209,13209950200
Georgia,Muscogee County,13215,13215000300
Georgia,Muscogee County,13215,13215001600
Georgia,Muscogee County,13215,13215002200
Georgia,Muscogee County,13215,13215002400
Georgia,Muscogee County,13215,13215002500
Georgia,Muscogee County,13215,13215002700
Georgia,Muscogee County,13215,13215002800
Georgia,Muscogee County,13215,13215002902
Georgia,Muscogee County,13215,13215003000
Georgia,Muscogee County,13215,13215003200
Georgia,Muscogee County,13215,13215003301
Georgia,Muscogee County,13215,13215003302
Georgia,Muscogee County,13215,13215003400
Georgia,Muscogee County,13215,13215011100
Georgia,Muscogee County,13215,13215011200
Georgia,Peach County,13225,13225040200
Georgia,Peach County,13225,13225040302
Georgia,Peach County,13225,13225040400
Georgia,Polk County,13233,13233010400
Georgia,Putnam County,13237,13237960202
Georgia,Randolph County,13243,13243790100
Georgia,Randolph County,13243,13243790200
Georgia,Richmond County,13245,13245000200
Georgia,Richmond County,13245,13245000300
Georgia,Richmond County,13245,13245000600
Georgia,Richmond County,13245,13245000700
Georgia,Richmond County,13245,13245000900
Georgia,Richmond County,13245,13245001400
Georgia,Richmond County,13245,13245001500
Georgia,Richmond County,13245,13245010300
Georgia,Richmond County,13245,13245010400
Georgia,Richmond County,13245,13245010504
Georgia,Richmond County,13245,13245010506
Georgia,Richmond County,13245,13245010600
Georgia,Richmond County,13245,13245011000
Georgia,Seminole County,13253,13253200200
Georgia,Spalding County,13255,13255160300
Georgia,Spalding County,13255,13255160400
Georgia,Spalding County,13255,13255160800
Georgia,Spalding County,13255,13255160900
Georgia,Stephens County,13257,13257970301
Georgia,Stewart County,13259,13259950100
Georgia,Sumter County,13261,13261950300
Georgia,Sumter County,13261,13261950600
Georgia,Sumter County,13261,13261950700
Georgia,Talbot County,13263,13263960300
Georgia,Taliaferro County,13265,13265010200
Georgia,Tattnall County,13267,13267950100
Georgia,Tattnall County,13267,13267950201
Georgia,Tattnall County,13267,13267950202
Georgia,Taylor County,13269,13269950200
Georgia,Taylor County,13269,13269950300
Georgia,Telfair County,13271,13271950100
Georgia,Terrell County,13273,13273120300
Georgia,Terrell County,13273,13273120400
Georgia,Thomas County,13275,13275960100
Georgia,Thomas County,13275,13275960700
Georgia,Thomas County,13275,13275960800
Georgia,Tift County,13277,13277960600
Georgia,Tift County,13277,13277960700
Georgia,Tift County,13277,13277960800
Georgia,Toombs County,13279,13279970100
Georgia,Toombs County,13279,13279970200
Georgia,Toombs County,13279,13279970500
Georgia,Treutlen County,13283,13283960200
Georgia,Troup County,13285,13285960600
Georgia,Troup County,13285,13285960800
Georgia,Turner County,13287,13287970200
Georgia,Walton County,13297,13297110400
Georgia,Ware County,13299,13299950400
Georgia,Ware County,13299,13299950700
Georgia,Ware County,13299,13299950800
Georgia,Warren County,13301,13301970400
Georgia,Washington County,13303,13303950300
Georgia,Washington County,13303,13303950700
Georgia,Wayne County,13305,13305970300
Georgia,Webster County,13307,13307960100
Georgia,Wheeler County,13309,13309780200
Georgia,Wilcox County,13315,13315960100
Georgia,Wilcox County,13315,13315960400
Hawaii,Hawaii County,15001,15001020300
Hawaii,Hawaii County,15001,15001020500
Hawaii,Hawaii County,15001,15001021013
Hawaii,Hawaii County,15001,15001021101
Hawaii,Hawaii County,15001,15001021106
Hawaii,Honolulu County,15003,15003005100
Hawaii,Honolulu County,15003,15003005200
Hawaii,Honolulu County,15003,15003005400
Hawaii,Honolulu County,15003,15003006202
Hawaii,Honolulu County,15003,15003006302
Hawaii,Honolulu County,15003,15003009701
Idaho,Ada County,16001,16001000100
Idaho,Bannock County,16005,16005000800
Idaho,Bannock County,16005,16005000900
Idaho,Bannock County,16005,16005001601
Idaho,Canyon County,16027,16027021300
Idaho,Cassia County,16031,16031950400
Idaho,Kootenai County,16055,16055000900
Idaho,Latah County,16057,16057005100
Idaho,Latah County,16057,16057005400
Idaho,Madison County,16065,16065950301
Idaho,Madison County,16065,16065950302
Illinois,Adams County,17001,17001000400
Illinois,Adams County,17001,17001000700
Illinois,Adams County,17001,17001000800
Illinois,Alexander County,17003,17003957800
Illinois,Alexander County,17003,17003957900
Illinois,Champaign County,17019,17019000200
Illinois,Champaign County,17019,17019000301
Illinois,Champaign County,17019,17019000302
Illinois,Champaign County,17019,17019000401
Illinois,Champaign County,17019,17019000402
Illinois,Champaign County,17019,17019005300
Illinois,Champaign County,17019,17019005800
Illinois,Champaign County,17019,17019005900
Illinois,Champaign County,17019,17019006000
Illinois,Champaign County,17019,17019011100
Illinois,Coles County,17029,17029000700
Illinois,Coles County,17029,17029000800
Illinois,Cook County,17031,17031010100
Illinois,Cook County,17031,17031010502
Illinois,Cook County,17031,17031010503
Illinois,Cook County,17031,17031030104
Illinois,Cook County,17031,17031031200
Illinois,Cook County,17031,17031031501
Illinois,Cook County,17031,17031031502
Illinois,Cook County,17031,17031031700
Illinois,Cook County,17031,17031140200
Illinois,Cook County,17031,17031220901
Illinois,Cook County,17031,17031221000
Illinois,Cook County,17031,17031230500
Illinois,Cook County,17031,17031230600
Illinois,Cook County,17031,17031230700
Illinois,Cook County,17031,17031230900
Illinois,Cook County,17031,17031231100
Illinois,Cook County,17031,17031231200
Illinois,Cook County,17031,17031231500
Illinois,Cook County,17031,17031240800
Illinois,Cook County,17031,17031240900
Illinois,Cook County,17031,17031241100
Illinois,Cook County,17031,17031242700
Illinois,Cook County,17031,17031251100
Illinois,Cook County,17031,17031251300
Illinois,Cook County,17031,17031251400
Illinois,Cook County,17031,17031251500
Illinois,Cook County,17031,17031251600
Illinois,Cook County,17031,17031251800
Illinois,Cook County,17031,17031251900
Illinois,Cook County,17031,17031252000
Illinois,Cook County,17031,17031252101
Illinois,Cook County,17031,17031252102
Illinois,Cook County,17031,17031252201
Illinois,Cook County,17031,17031252202
Illinois,Cook County,17031,17031260100
Illinois,Cook County,17031,17031260200
Illinois,Cook County,17031,17031260300
Illinois,Cook County,17031,17031260400
Illinois,Cook County,17031,17031260500
Illinois,Cook County,17031,17031260600
Illinois,Cook County,17031,17031260700
Illinois,Cook County,17031,17031260900
Illinois,Cook County,17031,17031261000
Illinois,Cook County,17031,17031270500
Illinois,Cook County,17031,17031271200
Illinois,Cook County,17031,17031271300
Illinois,Cook County,17031,17031271400
Illinois,Cook County,17031,17031271800
Illinois,Cook County,17031,17031280400
Illinois,Cook County,17031,17031280800
Illinois,Cook County,17031,17031280900
Illinois,Cook County,17031,17031282700
Illinois,Cook County,17031,17031283100
Illinois,Cook County,17031,17031290900
Illinois,Cook County,17031,17031291200
Illinois,Cook County,17031,17031292200
Illinois,Cook County,17031,17031292400
Illinois,Cook County,17031,17031292500
Illinois,Cook County,17031,17031300600
Illinois,Cook County,17031,17031300700
Illinois,Cook County,17031,17031300800
Illinois,Cook County,17031,17031300900
Illinois,Cook County,17031,17031301100
Illinois,Cook County,17031,17031301200
Illinois,Cook County,17031,17031310700
Illinois,Cook County,17031,17031310900
Illinois,Cook County,17031,17031340500
Illinois,Cook County,17031,17031340600
Illinois,Cook County,17031,17031350400
Illinois,Cook County,17031,17031351100
Illinois,Cook County,17031,17031351400
Illinois,Cook County,17031,17031380100
Illinois,Cook County,17031,17031380200
Illinois,Cook County,17031,17031380500
Illinois,Cook County,17031,17031381200
Illinois,Cook County,17031,17031381800
Illinois,Cook County,17031,17031390300
Illinois,Cook County,17031,17031390400
Illinois,Cook County,17031,17031400300
Illinois,Cook County,17031,17031400400
Illinois,Cook County,17031,17031400500
Illinois,Cook County,17031,17031400800
Illinois,Cook County,17031,17031410200
Illinois,Cook County,17031,17031420100
Illinois,Cook County,17031,17031420200
Illinois,Cook County,17031,17031420300
Illinois,Cook County,17031,17031420400
Illinois,Cook County,17031,17031420600
Illinois,Cook County,17031,17031420700
Illinois,Cook County,17031,17031420800
Illinois,Cook County,17031,17031421200
Illinois,Cook County,17031,17031430101
Illinois,Cook County,17031,17031430102
Illinois,Cook County,17031,17031430200
Illinois,Cook County,17031,17031430300
Illinois,Cook County,17031,17031430400
Illinois,Cook County,17031,17031430500
Illinois,Cook County,17031,17031430700
Illinois,Cook County,17031,17031431301
Illinois,Cook County,17031,17031431302
Illinois,Cook County,17031,17031431400
Illinois,Cook County,17031,17031440101
Illinois,Cook County,17031,17031440102
Illinois,Cook County,17031,17031460100
Illinois,Cook County,17031,17031460200
Illinois,Cook County,17031,17031460301
Illinois,Cook County,17031,17031460302
Illinois,Cook County,17031,17031460600
Illinois,Cook County,17031,17031460700
Illinois,Cook County,17031,17031461000
Illinois,Cook County,17031,17031491000
Illinois,Cook County,17031,17031491300
Illinois,Cook County,17031,17031491400
Illinois,Cook County,17031,17031500200
Illinois,Cook County,17031,17031520200
Illinois,Cook County,17031,17031530100
Illinois,Cook County,17031,17031530200
Illinois,Cook County,17031,17031530600
Illinois,Cook County,17031,17031540101
Illinois,Cook County,17031,17031540102
Illinois,Cook County,17031,17031610300
Illinois,Cook County,17031,17031610400
Illinois,Cook County,17031,17031611000
Illinois,Cook County,17031,17031611100
Illinois,Cook County,17031,17031611200
Illinois,Cook County,17031,17031611300
Illinois,Cook County,17031,17031611400
Illinois,Cook County,17031,17031611500
Illinois,Cook County,17031,17031611600
Illinois,Cook County,17031,17031611700
Illinois,Cook County,17031,17031611900
Illinois,Cook County,17031,17031612000
Illinois,Cook County,17031,17031612100
Illinois,Cook County,17031,17031660301
Illinois,Cook County,17031,17031660302
Illinois,Cook County,17031,17031660600
Illinois,Cook County,17031,17031660900
Illinois,Cook County,17031,17031670100
Illinois,Cook County,17031,17031670200
Illinois,Cook County,17031,17031670300
Illinois,Cook County,17031,17031670400
Illinois,Cook County,17031,17031670500
Illinois,Cook County,17031,17031670600
Illinois,Cook County,17031,17031670700
Illinois,Cook County,17031,17031670800
Illinois,Cook County,17031,17031670900
Illinois,Cook County,17031,17031671100
Illinois,Cook County,17031,17031671200
Illinois,Cook County,17031,17031671300
Illinois,Cook County,17031,17031671500
Illinois,Cook County,17031,17031671600
Illinois,Cook County,17031,17031680500
Illinois,Cook County,17031,17031680600
Illinois,Cook County,17031,17031680900
Illinois,Cook County,17031,17031681000
Illinois,Cook County,17031,17031681100
Illinois,Cook County,17031,17031681200
Illinois,Cook County,17031,17031681300
Illinois,Cook County,17031,17031681400
Illinois,Cook County,17031,17031690300
Illinois,Cook County,17031,17031690400
Illinois,Cook County,17031,17031690900
Illinois,Cook County,17031,17031691100
Illinois,Cook County,17031,17031691200
Illinois,Cook County,17031,17031691500
Illinois,Cook County,17031,17031710100
Illinois,Cook County,17031,17031710200
Illinois,Cook County,17031,17031710900
Illinois,Cook County,17031,17031808702
Illinois,Cook County,17031,17031809300
Illinois,Cook County,17031,17031813301
Illinois,Cook County,17031,17031821500
Illinois,Cook County,17031,17031823603
Illinois,Cook County,17031,17031824300
Illinois,Cook County,17031,17031826901
Illinois,Cook County,17031,17031826902
Illinois,Cook County,17031,17031827300
Illinois,Cook County,17031,17031827400
Illinois,Cook County,17031,17031829000
Illinois,Cook County,17031,17031829100
Illinois,Cook County,17031,17031829302
Illinois,Cook County,17031,17031829401
Illinois,Cook County,17031,17031829700
Illinois,Cook County,17031,17031833300
Illinois,Cook County,17031,17031833900
Illinois,Cook County,17031,17031834500
Illinois,Cook County,17031,17031834600
Illinois,Cook County,17031,17031834700
Illinois,Cook County,17031,17031834800
Illinois,Cook County,17031,17031834900
Illinois,Cook County,17031,17031835500
Illinois,Cook County,17031,17031835900
Illinois,Cook County,17031,17031836000
Illinois,Cook County,17031,17031836100
Illinois,Cook County,17031,17031836400
Illinois,Cook County,17031,17031836700
Illinois,Cook County,17031,17031836800
Illinois,Cook County,17031,17031836900
Illinois,Cook County,17031,17031837000
Illinois,Cook County,17031,17031837100
Illinois,Cook County,17031,17031837300
Illinois,Cook County,17031,17031837400
Illinois,Cook County,17031,17031838000
Illinois,Cook County,17031,17031838100
Illinois,Cook County,17031,17031838600
Illinois,Cook County,17031,17031838700
Illinois,Cook County,17031,17031838800
Illinois,Cook County,17031,17031840700
Illinois,Cook County,17031,17031841100
Illinois,Cook County,17031,17031841500
Illinois,Cook County,17031,17031841600
Illinois,Cook County,17031,17031841700
Illinois,Cook County,17031,17031841800
Illinois,Cook County,17031,17031842500
Illinois,Cook County,17031,17031842900
Illinois,Cook County,17031,17031843000
Illinois,Cook County,17031,17031843100
Illinois,Cook County,17031,17031843400
Illinois,Cook County,17031,17031843600
Illinois,Cook County,17031,17031843900
Illinois,DeKalb County,17037,17037001001
Illinois,DeKalb County,17037,17037001002
Illinois,DeKalb County,17037,17037002200
Illinois,Franklin County,17055,17055041000
Illinois,Henry County,17073,17073030800
Illinois,Jackson County,17077,17077010700
Illinois,Jackson County,17077,17077010800
Illinois,Jackson County,17077,17077010900
Illinois,Jackson County,17077,17077011100
Illinois,Jackson County,17077,17077011200
Illinois,Jackson County,17077,17077011400
Illinois,Jackson County,17077,17077011700
Illinois,Jefferson County,17081,17081050900
Illinois,Jefferson County,17081,17081051000
Illinois,Kane County,17089,17089854700
Illinois,Kankakee County,17091,17091011000
Illinois,Kankakee County,17091,17091011400
Illinois,Kankakee County,17091,17091011500
Illinois,Kankakee County,17091,17091011600
Illinois,Kankakee County,17091,17091012300
Illinois,Knox County,17095,17095000800
Illinois,Knox County,17095,17095000900
Illinois,Knox County,17095,17095001100
Illinois,Lake County,17097,17097862300
Illinois,Lake County,17097,17097862800
Illinois,McDonough County,17109,17109010400
Illinois,McDonough County,17109,17109010500
Illinois,McLean County,17113,17113000102
Illinois,McLean County,17113,17113000104
Illinois,McLean County,17113,17113000200
Illinois,McLean County,17113,17113000400
Illinois,McLean County,17113,17113000501
Illinois,Macon County,17115,17115000200
Illinois,Macon County,17115,17115000300
Illinois,Macon County,17115,17115000500
Illinois,Macon County,17115,17115000600
Illinois,Macon County,17115,17115000900
Illinois,Macon County,17115,17115002000
Illinois,Macon County,17115,17115003100
Illinois,Madison County,17119,17119400600
Illinois,Madison County,17119,17119400700
Illinois,Madison County,17119,17119402400
Illinois,Madison County,17119,17119402500
Illinois,Madison County,17119,17119404000
Illinois,Marion County,17121,17121952500
Illinois,Marion County,17121,17121952700
Illinois,Morgan County,17137,17137951600
Illinois,Peoria County,17143,17143000100
Illinois,Peoria County,17143,17143000200
Illinois,Peoria County,17143,17143000300
Illinois,Peoria County,17143,17143000500
Illinois,Peoria County,17143,17143000600
Illinois,Peoria County,17143,17143000900
Illinois,Peoria County,17143,17143001200
Illinois,Peoria County,17143,17143001300
Illinois,Peoria County,17143,17143001500
Illinois,Peoria County,17143,17143001600
Illinois,Peoria County,17143,17143001800
Illinois,Peoria County,17143,17143001900
Illinois,Peoria County,17143,17143005000
Illinois,Pulaski County,17153,17153971000
Illinois,Pulaski County,17153,17153971100
Illinois,Richland County,17159,17159978000
Illinois,Rock Island County,17161,17161022300
Illinois,Rock Island County,17161,17161022600
Illinois,Rock Island County,17161,17161023500
Illinois,Rock Island County,17161,17161023600
Illinois,St. Clair County,17163,17163500400
Illinois,St. Clair County,17163,17163500500
Illinois,St. Clair County,17163,17163500900
Illinois,St. Clair County,17163,17163501300
Illinois,St. Clair County,17163,17163502200
Illinois,St. Clair County,17163,17163502401
Illinois,St. Clair County,17163,17163502500
Illinois,St. Clair County,17163,17163502603
Illinois,St. Clair County,17163,17163502700
Illinois,St. Clair County,17163,17163502800
Illinois,St. Clair County,17163,17163502900
Illinois,St. Clair County,17163,17163504500
Illinois,St. Clair County,17163,17163504600
Illinois,Saline County,17165,17165955500
Illinois,Sangamon County,17167,17167000800
Illinois,Sangamon County,17167,17167000900
Illinois,Sangamon County,17167,17167001400
Illinois,Sangamon County,17167,17167001500
Illinois,Sangamon County,17167,17167001600
Illinois,Sangamon County,17167,17167001700
Illinois,Sangamon County,17167,17167002300
Illinois,Sangamon County,17167,17167002400
Illinois,Stephenson County,17177,17177000700
Illinois,Stephenson County,17177,17177000800
Illinois,Vermilion County,17183,17183000100
Illinois,Vermilion County,17183,17183000200
Illinois,Vermilion County,17183,17183000400
Illinois,Vermilion County,17183,17183000600
Illinois,White County,17193,17193958000
Illinois,Will County,17197,17197881200
Illinois,Will County,17197,17197881302
Illinois,Will County,17197,17197881900
Illinois,Will County,17197,17197882000
Illinois,Will County,17197,17197882500
Illinois,Williamson County,17199,17199021000
Illinois,Winnebago County,17201,17201001000
Illinois,Winnebago County,17201,17201001100
Illinois,Winnebago County,17201,17201001200
Illinois,Winnebago County,17201,17201002100
Illinois,Winnebago County,17201,17201002400
Illinois,Winnebago County,17201,17201002500
Illinois,Winnebago County,17201,17201002600
Illinois,Winnebago County,17201,17201002800
Illinois,Winnebago County,17201,17201002900
Illinois,Winnebago County,17201,17201003200
Indiana,Allen County,18003,18003001200
Indiana,Allen County,18003,18003001300
Indiana,Allen County,18003,18003001600
Indiana,Allen County,18003,18003001700
Indiana,Allen County,18003,18003002000
Indiana,Allen County,18003,18003002800
Indiana,Allen County,18003,18003004300
Indiana,Allen County,18003,18003004400
Indiana,Delaware County,18035,18035000300
Indiana,Delaware County,18035,18035000400
Indiana,Delaware County,18035,18035000600
Indiana,Delaware County,18035,18035000700
Indiana,Delaware County,18035,18035000902
Indiana,Delaware County,18035,18035001000
Indiana,Delaware County,18035,18035001200
Indiana,Delaware County,18035,18035001700
Indiana,Delaware County,18035,18035002100
Indiana,Delaware County,18035,18035002800
Indiana,Elkhart County,18039,18039002600
Indiana,Elkhart County,18039,18039002700
Indiana,Floyd County,18043,18043070200
Indiana,Floyd County,18043,18043070801
Indiana,Grant County,18053,18053000200
Indiana,Henry County,18065,18065976300
Indiana,Howard County,18067,18067000200
Indiana,Howard County,18067,18067000400
Indiana,Howard County,18067,18067001200
Indiana,Knox County,18083,18083955300
Indiana,Knox County,18083,18083955400
Indiana,Lake County,18089,18089010201
Indiana,Lake County,18089,18089010203
Indiana,Lake County,18089,18089010205
Indiana,Lake County,18089,18089010302
Indiana,Lake County,18089,18089010304
Indiana,Lake County,18089,18089010500
Indiana,Lake County,18089,18089010900
Indiana,Lake County,18089,18089011100
Indiana,Lake County,18089,18089011300
Indiana,Lake County,18089,18089011400
Indiana,Lake County,18089,18089011500
Indiana,Lake County,18089,18089011700
Indiana,Lake County,18089,18089011900
Indiana,Lake County,18089,18089012000
Indiana,Lake County,18089,18089012100
Indiana,Lake County,18089,18089012200
Indiana,Lake County,18089,18089012300
Indiana,Lake County,18089,18089012400
Indiana,Lake County,18089,18089012600
Indiana,Lake County,18089,18089012700
Indiana,Lake County,18089,18089012800
Indiana,Lake County,18089,18089020600
Indiana,Lake County,18089,18089030100
Indiana,Lake County,18089,18089030200
Indiana,Lake County,18089,18089030300
Indiana,Lake County,18089,18089030400
Indiana,Lake County,18089,18089031000
Indiana,Lake County,18089,18089041200
Indiana,LaPorte County,18091,18091040100
Indiana,Madison County,18095,18095000300
Indiana,Madison County,18095,18095000400
Indiana,Madison County,18095,18095000500
Indiana,Madison County,18095,18095000800
Indiana,Marion County,18097,18097322600
Indiana,Marion County,18097,18097330803
Indiana,Marion County,18097,18097330804
Indiana,Marion County,18097,18097341200
Indiana,Marion County,18097,18097341600
Indiana,Marion County,18097,18097350300
Indiana,Marion County,18097,18097350500
Indiana,Marion County,18097,18097350800
Indiana,Marion County,18097,18097350900
Indiana,Marion County,18097,18097351000
Indiana,Marion County,18097,18097351200
Indiana,Marion County,18097,18097352100
Indiana,Marion County,18097,18097352300
Indiana,Marion County,18097,18097352600
Indiana,Marion County,18097,18097352700
Indiana,Marion County,18097,18097353500
Indiana,Marion County,18097,18097353600
Indiana,Marion County,18097,18097354500
Indiana,Marion County,18097,18097354700
Indiana,Marion County,18097,18097354800
Indiana,Marion County,18097,18097354900
Indiana,Marion County,18097,18097355000
Indiana,Marion County,18097,18097355600
Indiana,Marion County,18097,18097355900
Indiana,Marion County,18097,18097356400
Indiana,Marion County,18097,18097356900
Indiana,Marion County,18097,18097357200
Indiana,Marion County,18097,18097357300
Indiana,Marion County,18097,18097357400
Indiana,Marion County,18097,18097360101
Indiana,Marion County,18097,18097360102
Indiana,Marion County,18097,18097391000
Indiana,Monroe County,18105,18105000100
Indiana,Monroe County,18105,18105000201
Indiana,Monroe County,18105,18105000202
Indiana,Monroe County,18105,18105000301
Indiana,Monroe County,18105,18105000302
Indiana,Monroe County,18105,18105000601
Indiana,Monroe County,18105,18105000602
Indiana,Monroe County,18105,18105001101
Indiana,Monroe County,18105,18105001600
Indiana,Porter County,18127,18127050900
Indiana,St. Joseph County,18141,18141000600
Indiana,St. Joseph County,18141,18141001700
Indiana,St. Joseph County,18141,18141001900
Indiana,St. Joseph County,18141,18141002000
Indiana,St. Joseph County,18141,18141002100
Indiana,St. Joseph County,18141,18141002300
Indiana,St. Joseph County,18141,18141002700
Indiana,St. Joseph County,18141,18141002900
Indiana,St. Joseph County,18141,18141003000
Indiana,Tippecanoe County,18157,18157000400
Indiana,Tippecanoe County,18157,18157005300
Indiana,Tippecanoe County,18157,18157005400
Indiana,Tippecanoe County,18157,18157005500
Indiana,Tippecanoe County,18157,18157010300
Indiana,Tippecanoe County,18157,18157010500
Indiana,Tippecanoe County,18157,18157011100
Indiana,Vanderburgh County,18163,18163001200
Indiana,Vanderburgh County,18163,18163001300
Indiana,Vanderburgh County,18163,18163001400
Indiana,Vanderburgh County,18163,18163001700
Indiana,Vanderburgh County,18163,18163001900
Indiana,Vanderburgh County,18163,18163002000
Indiana,Vanderburgh County,18163,18163002600
Indiana,Vigo County,18167,18167000300
Indiana,Vigo County,18167,18167000500
Indiana,Vigo County,18167,18167000600
Indiana,Vigo County,18167,18167000700
Indiana,Vigo County,18167,18167001900
Indiana,Vigo County,18167,18167010500
Indiana,Vigo County,18167,18167011100
Indiana,Wayne County,18177,18177000200
Indiana,Wayne County,18177,18177000900
Iowa,Black Hawk County,19013,19013000100
Iowa,Black Hawk County,19013,19013000300
Iowa,Black Hawk County,19013,19013000700
Iowa,Black Hawk County,19013,19013000900
Iowa,Black Hawk County,19013,19013001701
Iowa,Black Hawk County,19013,19013001800
Iowa,Black Hawk County,19013,19013002303
Iowa,Black Hawk County,19013,19013002304
Iowa,Dubuque County,19061,19061000100
Iowa,Johnson County,19103,19103000600
Iowa,Johnson County,19103,19103001100
Iowa,Johnson County,19103,19103001600
Iowa,Johnson County,19103,19103002100
Iowa,Johnson County,19103,19103002300
Iowa,Lee County,19111,19111490800
Iowa,Linn County,19113,19113001900
Iowa,Linn County,19113,19113002700
Iowa,Polk County,19153,19153001100
Iowa,Polk County,19153,19153001200
Iowa,Polk County,19153,19153002600
Iowa,Polk County,19153,19153004800
Iowa,Polk County,19153,19153005200
Iowa,Pottawattamie County,19155,19155030900
Iowa,Scott County,19163,19163010600
Iowa,Scott County,19163,19163010700
Iowa,Scott County,19163,19163010800
Iowa,Scott County,19163,19163010900
Iowa,Story County,19169,19169000500
Iowa,Story County,19169,19169000700
Iowa,Story County,19169,19169001000
Iowa,Story County,19169,19169001100
Iowa,Story County,19169,19169001301
Iowa,Wapello County,19179,19179960200
Iowa,Wapello County,19179,19179960500
Iowa,Webster County,19187,19187000700
Iowa,Woodbury County,19193,19193001200
Iowa,Woodbury County,19193,19193001300
Iowa,Woodbury County,19193,19193001500
Iowa,Woodbury County,19193,19193003600
Kansas,Crawford County,20037,20037957100
Kansas,Crawford County,20037,20037957500
Kansas,Douglas County,20045,20045000300
Kansas,Douglas County,20045,20045000400
Kansas,Douglas County,20045,20045000502
Kansas,Douglas County,20045,20045000901
Kansas,Ellis County,20051,20051072900
Kansas,Leavenworth County,20103,20103070100
Kansas,Lyon County,20111,20111000100
Kansas,Lyon County,20111,20111000400
Kansas,Reno County,20155,20155000600
Kansas,Riley County,20161,20161000303
Kansas,Riley County,20161,20161000304
Kansas,Riley County,20161,20161000500
Kansas,Riley County,20161,20161000801
Kansas,Riley County,20161,20161000802
Kansas,Riley County,20161,20161001100
Kansas,Sedgwick County,20173,20173000100
Kansas,Sedgwick County,20173,20173000400
Kansas,Sedgwick County,20173,20173000600
Kansas,Sedgwick County,20173,20173000700
Kansas,Sedgwick County,20173,20173000800
Kansas,Sedgwick County,20173,20173000900
Kansas,Sedgwick County,20173,20173001100
Kansas,Sedgwick County,20173,20173001800
Kansas,Sedgwick County,20173,20173002400
Kansas,Sedgwick County,20173,20173002600
Kansas,Sedgwick County,20173,20173003700
Kansas,Sedgwick County,20173,20173004300
Kansas,Sedgwick County,20173,20173006500
Kansas,Sedgwick County,20173,20173006800
Kansas,Sedgwick County,20173,20173007800
Kansas,Seward County,20175,20175966000
Kansas,Shawnee County,20177,20177000400
Kansas,Shawnee County,20177,20177000500
Kansas,Shawnee County,20177,20177000600
Kansas,Shawnee County,20177,20177001100
Kansas,Shawnee County,20177,20177002900
Kansas,Shawnee County,20177,20177003100
Kansas,Shawnee County,20177,20177004000
Kansas,Wyandotte County,20209,20209040200
Kansas,Wyandotte County,20209,20209040300
Kansas,Wyandotte County,20209,20209040700
Kansas,Wyandotte County,20209,20209040800
Kansas,Wyandotte County,20209,20209040900
Kansas,Wyandotte County,20209,20209041000
Kansas,Wyandotte County,20209,20209041100
Kansas,Wyandotte County,20209,20209041700
Kansas,Wyandotte County,20209,20209041800
Kansas,Wyandotte County,20209,20209042001
Kansas,Wyandotte County,20209,20209042002
Kansas,Wyandotte County,20209,20209042300
Kansas,Wyandotte County,20209,20209042400
Kansas,Wyandotte County,20209,20209042600
Kansas,Wyandotte County,20209,20209042700
Kansas,Wyandotte County,20209,20209042800
Kansas,Wyandotte County,20209,20209043905
Kansas,Wyandotte County,20209,20209045100
Kentucky,Adair County,21001,21001970300
Kentucky,Adair County,21001,21001970401
Kentucky,Adair County,21001,21001970500
Kentucky,Adair County,21001,21001970600
Kentucky,Barren County,21009,21009950400
Kentucky,Bath County,21011,21011970100
Kentucky,Bell County,21013,21013960100
Kentucky,Bell County,21013,21013960200
Kentucky,Bell County,21013,21013960500
Kentucky,Bell County,21013,21013960600
Kentucky,Bell County,21013,21013960800
Kentucky,Bell County,21013,21013961100
Kentucky,Boyd County,21019,21019030200
Kentucky,Boyd County,21019,21019030800
Kentucky,Boyle County,21021,21021930300
Kentucky,Breathitt County,21025,21025920100
Kentucky,Breathitt County,21025,21025920200
Kentucky,Breathitt County,21025,21025920300
Kentucky,Breathitt County,21025,21025920400
Kentucky,Breathitt County,21025,21025920500
Kentucky,Breathitt County,21025,21025920600
Kentucky,Breathitt County,21025,21025920700
Kentucky,Butler County,21031,21031930300
Kentucky,Calloway County,21035,21035010301
Kentucky,Calloway County,21035,21035010302
Kentucky,Calloway County,21035,21035010400
Kentucky,Campbell County,21037,21037050100
Kentucky,Campbell County,21037,21037050500
Kentucky,Carter County,21043,21043960100
Kentucky,Carter County,21043,21043960400
Kentucky,Casey County,21045,21045950100
Kentucky,Casey County,21045,21045950500
Kentucky,Christian County,21047,21047200100
Kentucky,Christian County,21047,21047200200
Kentucky,Christian County,21047,21047200300
Kentucky,Christian County,21047,21047200400
Kentucky,Christian County,21047,21047200800
Kentucky,Clay County,21051,21051950100
Kentucky,Clay County,21051,21051950200
Kentucky,Clay County,21051,21051950300
Kentucky,Clay County,21051,21051950400
Kentucky,Clay County,21051,21051950500
Kentucky,Clay County,21051,21051950600
Kentucky,Clinton County,21053,21053970201
Kentucky,Clinton County,21053,21053970202
Kentucky,Cumberland County,21057,21057950100
Kentucky,Daviess County,21059,21059000100
Kentucky,Daviess County,21059,21059000200
Kentucky,Daviess County,21059,21059000300
Kentucky,Daviess County,21059,21059000400
Kentucky,Elliott County,21063,21063920100
Kentucky,Elliott County,21063,21063920200
Kentucky,Estill County,21065,21065920200
Kentucky,Estill County,21065,21065920300
Kentucky,Estill County,21065,21065920400
Kentucky,Fayette County,21067,21067000101
Kentucky,Fayette County,21067,21067000102
Kentucky,Fayette County,21067,21067000200
Kentucky,Fayette County,21067,21067000300
Kentucky,Fayette County,21067,21067000400
Kentucky,Fayette County,21067,21067000801
Kentucky,Fayette County,21067,21067000802
Kentucky,Fayette County,21067,21067000900
Kentucky,Fayette County,21067,21067001800
Kentucky,Fayette County,21067,21067001900
Kentucky,Floyd County,21071,21071920400
Kentucky,Floyd County,21071,21071920500
Kentucky,Floyd County,21071,21071920600
Kentucky,Floyd County,21071,21071920700
Kentucky,Floyd County,21071,21071920800
Kentucky,Floyd County,21071,21071920900
Kentucky,Floyd County,21071,21071921000
Kentucky,Franklin County,21073,21073071200
Kentucky,Fulton County,21075,21075960100
Kentucky,Fulton County,21075,21075960200
Kentucky,Graves County,21083,21083020100
Kentucky,Grayson County,21085,21085950600
Kentucky,Hardin County,21093,21093001500
Kentucky,Harlan County,21095,21095970100
Kentucky,Harlan County,21095,21095970200
Kentucky,Harlan County,21095,21095970500
Kentucky,Harlan County,21095,21095970600
Kentucky,Harlan County,21095,21095970700
Kentucky,Harlan County,21095,21095970800
Kentucky,Harlan County,21095,21095970900
Kentucky,Harlan County,21095,21095971000
Kentucky,Harlan County,21095,21095971300
Kentucky,Hart County,21099,21099970300
Kentucky,Hart County,21099,21099970400
Kentucky,Henderson County,21101,21101020100
Kentucky,Henderson County,21101,21101020200
Kentucky,Henderson County,21101,21101020300
Kentucky,Henderson County,21101,21101020400
Kentucky,Hopkins County,21107,21107970400
Kentucky,Hopkins County,21107,21107970600
Kentucky,Hopkins County,21107,21107970900
Kentucky,Hopkins County,21107,21107971100
Kentucky,Jackson County,21109,21109960100
Kentucky,Jackson County,21109,21109960200
Kentucky,Jefferson County,21111,21111000200
Kentucky,Jefferson County,21111,21111000300
Kentucky,Jefferson County,21111,21111000600
Kentucky,Jefferson County,21111,21111000700
Kentucky,Jefferson County,21111,21111000900
Kentucky,Jefferson County,21111,21111001000
Kentucky,Jefferson County,21111,21111001400
Kentucky,Jefferson County,21111,21111001500
Kentucky,Jefferson County,21111,21111001600
Kentucky,Jefferson County,21111,21111001700
Kentucky,Jefferson County,21111,21111001800
Kentucky,Jefferson County,21111,21111002100
Kentucky,Jefferson County,21111,21111002300
Kentucky,Jefferson County,21111,21111002400
Kentucky,Jefferson County,21111,21111002700
Kentucky,Jefferson County,21111,21111002800
Kentucky,Jefferson County,21111,21111003000
Kentucky,Jefferson County,21111,21111003500
Kentucky,Jefferson County,21111,21111003700
Kentucky,Jefferson County,21111,21111004100
Kentucky,Jefferson County,21111,21111004301
Kentucky,Jefferson County,21111,21111004302
Kentucky,Jefferson County,21111,21111004900
Kentucky,Jefferson County,21111,21111005000
Kentucky,Jefferson County,21111,21111005100
Kentucky,Jefferson County,21111,21111005300
Kentucky,Jefferson County,21111,21111005600
Kentucky,Jefferson County,21111,21111005900
Kentucky,Jefferson County,21111,21111006200
Kentucky,Jefferson County,21111,21111006500
Kentucky,Jefferson County,21111,21111006600
Kentucky,Jefferson County,21111,21111011002
Kentucky,Jefferson County,21111,21111011302
Kentucky,Johnson County,21115,21115960200
Kentucky,Johnson County,21115,21115960400
Kentucky,Johnson County,21115,21115960500
Kentucky,Kenton County,21117,21117065100
Kentucky,Kenton County,21117,21117067100
Kentucky,Knott County,21119,21119960100
Kentucky,Knott County,21119,21119960200
Kentucky,Knott County,21119,21119960300
Kentucky,Knott County,21119,21119960400
Kentucky,Knott County,21119,21119960500
Kentucky,Knox County,21121,21121930100
Kentucky,Knox County,21121,21121930200
Kentucky,Knox County,21121,21121930300
Kentucky,Knox County,21121,21121930400
Kentucky,Knox County,21121,21121930500
Kentucky,Knox County,21121,21121930601
Kentucky,Knox County,21121,21121930602
Kentucky,Knox County,21121,21121930700
Kentucky,Laurel County,21125,21125970200
Kentucky,Laurel County,21125,21125970300
Kentucky,Laurel County,21125,21125971002
Kentucky,Lawrence County,21127,21127930100
Kentucky,Lawrence County,21127,21127930300
Kentucky,Lawrence County,21127,21127930400
Kentucky,Lawrence County,21127,21127930500
Kentucky,Lee County,21129,21129950100
Kentucky,Lee County,21129,21129950200
Kentucky,Lee County,21129,21129950300
Kentucky,Leslie County,21131,21131920100
Kentucky,Leslie County,21131,21131920200
Kentucky,Leslie County,21131,21131920300
Kentucky,Letcher County,21133,21133950100
Kentucky,Letcher County,21133,21133950200
Kentucky,Letcher County,21133,21133950401
Kentucky,Letcher County,21133,21133950500
Kentucky,Letcher County,21133,21133950600
Kentucky,Lewis County,21135,21135930200
Kentucky,Lincoln County,21137,21137920300
Kentucky,Lincoln County,21137,21137920400
Kentucky,McCracken County,21145,21145030100
Kentucky,McCracken County,21145,21145030200
Kentucky,McCracken County,21145,21145030300
Kentucky,McCracken County,21145,21145030400
Kentucky,McCracken County,21145,21145030600
Kentucky,McCreary County,21147,21147960100
Kentucky,McCreary County,21147,21147960200
Kentucky,McCreary County,21147,21147960300
Kentucky,McCreary County,21147,21147960400
Kentucky,Madison County,21151,21151010200
Kentucky,Madison County,21151,21151010300
Kentucky,Madison County,21151,21151010400
Kentucky,Madison County,21151,21151010500
Kentucky,Madison County,21151,21151010903
Kentucky,Magoffin County,21153,21153970100
Kentucky,Magoffin County,21153,21153970200
Kentucky,Magoffin County,21153,21153970300
Kentucky,Magoffin County,21153,21153970400
Kentucky,Marion County,21155,21155970200
Kentucky,Marion County,21155,21155970700
Kentucky,Martin County,21159,21159950100
Kentucky,Mason County,21161,21161960200
Kentucky,Menifee County,21165,21165960100
Kentucky,Monroe County,21171,21171930200
Kentucky,Monroe County,21171,21171930300
Kentucky,Monroe County,21171,21171930400
Kentucky,Morgan County,21175,21175950500
Kentucky,Muhlenberg County,21177,21177960100
Kentucky,Nicholas County,21181,21181960100
Kentucky,Owsley County,21189,21189930100
Kentucky,Owsley County,21189,21189930200
Kentucky,Perry County,21193,21193970500
Kentucky,Perry County,21193,21193970600
Kentucky,Perry County,21193,21193970700
Kentucky,Perry County,21193,21193970900
Kentucky,Pike County,21195,21195930300
Kentucky,Pike County,21195,21195930600
Kentucky,Pike County,21195,21195931100
Kentucky,Pike County,21195,21195931700
Kentucky,Pike County,21195,21195931800
Kentucky,Powell County,21197,21197970200
Kentucky,Pulaski County,21199,21199931101
Kentucky,Pulaski County,21199,21199931102
Kentucky,Robertson County,21201,21201970100
Kentucky,Rockcastle County,21203,21203950100
Kentucky,Rockcastle County,21203,21203950200
Kentucky,Rowan County,21205,21205950300
Kentucky,Russell County,21207,21207960101
Kentucky,Russell County,21207,21207960102
Kentucky,Russell County,21207,21207960300
Kentucky,Taylor County,21217,21217920500
Kentucky,Warren County,21227,21227010100
Kentucky,Warren County,21227,21227010200
Kentucky,Warren County,21227,21227010300
Kentucky,Warren County,21227,21227010400
Kentucky,Warren County,21227,21227010500
Kentucky,Wayne County,21231,21231920300
Kentucky,Wayne County,21231,21231920400
Kentucky,Wayne County,21231,21231920700
Kentucky,Whitley County,21235,21235920200
Kentucky,Whitley County,21235,21235920400
Kentucky,Whitley County,21235,21235920500
Kentucky,Whitley County,21235,21235920600
Kentucky,Whitley County,21235,21235920700
Kentucky,Whitley County,21235,21235920800
Kentucky,Wolfe County,21237,21237930100
Kentucky,Wolfe County,21237,21237930200
Louisiana,Acadia Parish,22001,22001960100
Louisiana,Acadia Parish,22001,22001960600
Louisiana,Acadia Parish,22001,22001960700
Louisiana,Acadia Parish,22001,22001960900
Louisiana,Acadia Parish,22001,22001961000
Louisiana,Ascension Parish,22005,22005030900
Louisiana,Ascension Parish,22005,22005031000
Louisiana,Assumption Parish,22007,22007050500
Louisiana,Avoyelles Parish,22009,22009030400
Louisiana,Avoyelles Parish,22009,22009030500
Louisiana,Avoyelles Parish,22009,22009030700
Louisiana,Beauregard Parish,22011,22011960300
Louisiana,Bienville Parish,22013,22013970100
Louisiana,Bienville Parish,22013,22013970200
Louisiana,Bienville Parish,22013,22013970300
Louisiana,Bossier Parish,22015,22015010400
Louisiana,Bossier Parish,22015,22015010602
Louisiana,Bossier Parish,22015,22015010801
Louisiana,Bossier Parish,22015,22015011300
Louisiana,Caddo Parish,22017,22017020500
Louisiana,Caddo Parish,22017,22017020600
Louisiana,Caddo Parish,22017,22017020700
Louisiana,Caddo Parish,22017,22017021000
Louisiana,Caddo Parish,22017,22017021100
Louisiana,Caddo Parish,22017,22017021300
Louisiana,Caddo Parish,22017,22017021700
Louisiana,Caddo Parish,22017,22017021800
Louisiana,Caddo Parish,22017,22017021900
Louisiana,Caddo Parish,22017,22017022000
Louisiana,Caddo Parish,22017,22017022100
Louisiana,Caddo Parish,22017,22017022200
Louisiana,Caddo Parish,22017,22017022300
Louisiana,Caddo Parish,22017,22017022400
Louisiana,Caddo Parish,22017,22017022500
Louisiana,Caddo Parish,22017,22017023200
Louisiana,Caddo Parish,22017,22017023300
Louisiana,Caddo Parish,22017,22017023500
Louisiana,Caddo Parish,22017,22017023600
Louisiana,Caddo Parish,22017,22017023700
Louisiana,Caddo Parish,22017,22017023800
Louisiana,Caddo Parish,22017,22017024601
Louisiana,Caddo Parish,22017,22017024602
Louisiana,Caddo Parish,22017,22017024900
Louisiana,Caddo Parish,22017,22017025000
Louisiana,Caddo Parish,22017,22017025200
Louisiana,Caddo Parish,22017,22017025300
Louisiana,Calcasieu Parish,22019,22019000100
Louisiana,Calcasieu Parish,22019,22019000200
Louisiana,Calcasieu Parish,22019,22019000300
Louisiana,Calcasieu Parish,22019,22019000400
Louisiana,Calcasieu Parish,22019,22019000600
Louisiana,Calcasieu Parish,22019,22019000700
Louisiana,Calcasieu Parish,22019,22019001202
Louisiana,Calcasieu Parish,22019,22019001400
Louisiana,Calcasieu Parish,22019,22019001500
Louisiana,Caldwell Parish,22021,22021000300
Louisiana,Catahoula Parish,22025,22025000200
Louisiana,Claiborne Parish,22027,22027950200
Louisiana,Claiborne Parish,22027,22027950300
Louisiana,Claiborne Parish,22027,22027950400
Louisiana,Concordia Parish,22029,22029000200
Louisiana,Concordia Parish,22029,22029000300
Louisiana,De Soto Parish,22031,22031950400
Louisiana,De Soto Parish,22031,22031950500
Louisiana,De Soto Parish,22031,22031950600
Louisiana,East Baton Rouge Parish,22033,22033000100
Louisiana,East Baton Rouge Parish,22033,22033000200
Louisiana,East Baton Rouge Parish,22033,22033000400
Louisiana,East Baton Rouge Parish,22033,22033000500
Louisiana,East Baton Rouge Parish,22033,22033000601
Louisiana,East Baton Rouge Parish,22033,22033000602
Louisiana,East Baton Rouge Parish,22033,22033000701
Louisiana,East Baton Rouge Parish,22033,22033000702
Louisiana,East Baton Rouge Parish,22033,22033000900
Louisiana,East Baton Rouge Parish,22033,22033001000
Louisiana,East Baton Rouge Parish,22033,22033001102
Louisiana,East Baton Rouge Parish,22033,22033001103
Louisiana,East Baton Rouge Parish,22033,22033001104
Louisiana,East Baton Rouge Parish,22033,22033002200
Louisiana,East Baton Rouge Parish,22033,22033002400
Louisiana,East Baton Rouge Parish,22033,22033002500
Louisiana,East Baton Rouge Parish,22033,22033002700
Louisiana,East Baton Rouge Parish,22033,22033002801
Louisiana,East Baton Rouge Parish,22033,22033002802
Louisiana,East Baton Rouge Parish,22033,22033003000
Louisiana,East Baton Rouge Parish,22033,22033003101
Louisiana,East Baton Rouge Parish,22033,22033003103
Louisiana,East Baton Rouge Parish,22033,22033003300
Louisiana,East Baton Rouge Parish,22033,22033003505
Louisiana,East Baton Rouge Parish,22033,22033003604
Louisiana,East Baton Rouge Parish,22033,22033004011
Louisiana,East Baton Rouge Parish,22033,22033004013
Louisiana,East Baton Rouge Parish,22033,22033004014
Louisiana,East Baton Rouge Parish,22033,22033004201
Louisiana,East Baton Rouge Parish,22033,22033004800
Louisiana,East Baton Rouge Parish,22033,22033005100
Louisiana,East Baton Rouge Parish,22033,22033005200
Louisiana,East Carroll Parish,22035,22035000100
Louisiana,East Carroll Parish,22035,22035000300
Louisiana,East Feliciana Parish,22037,22037951400
Louisiana,Evangeline Parish,22039,22039950400
Louisiana,Evangeline Parish,22039,22039950500
Louisiana,Evangeline Parish,22039,22039950600
Louisiana,Evangeline Parish,22039,22039950800
Louisiana,Franklin Parish,22041,22041950200
Louisiana,Franklin Parish,22041,22041950300
Louisiana,Franklin Parish,22041,22041950600
Louisiana,Grant Parish,22043,22043020300
Louisiana,Iberia Parish,22045,22045030800
Louisiana,Iberia Parish,22045,22045030900
Louisiana,Iberia Parish,22045,22045031000
Louisiana,Iberia Parish,22045,22045031100
Louisiana,Iberia Parish,22045,22045031600
Louisiana,Iberville Parish,22047,22047952600
Louisiana,Iberville Parish,22047,22047953000
Louisiana,Jackson Parish,22049,22049970100
Louisiana,Jefferson Parish,22051,22051020600
Louisiana,Jefferson Parish,22051,22051025201
Louisiana,Jefferson Parish,22051,22051025700
Louisiana,Jefferson Parish,22051,22051025900
Louisiana,Jefferson Parish,22051,22051026100
Louisiana,Jefferson Parish,22051,22051026200
Louisiana,Jefferson Parish,22051,22051026900
Louisiana,Jefferson Parish,22051,22051027200
Louisiana,Jefferson Parish,22051,22051027502
Louisiana,Jefferson Parish,22051,22051027602
Louisiana,Jefferson Parish,22051,22051027701
Louisiana,Jefferson Parish,22051,22051028100
Louisiana,Jefferson Davis Parish,22053,22053000600
Louisiana,Jefferson Davis Parish,22053,22053000700
Louisiana,Lafayette Parish,22055,22055000100
Louisiana,Lafayette Parish,22055,22055000200
Louisiana,Lafayette Parish,22055,22055000700
Louisiana,Lafayette Parish,22055,22055000800
Louisiana,Lafayette Parish,22055,22055000900
Louisiana,Lafayette Parish,22055,22055001100
Louisiana,Lafayette Parish,22055,22055001300
Louisiana,Lafayette Parish,22055,22055001903
Louisiana,Lafayette Parish,22055,22055002200
Louisiana,Lafourche Parish,22057,22057020400
Louisiana,Lafourche Parish,22057,22057020500
Louisiana,Lafourche Parish,22057,22057020900
Louisiana,Lafourche Parish,22057,22057021800
Louisiana,LaSalle Parish,22059,22059970200
Louisiana,Lincoln Parish,22061,22061960300
Louisiana,Lincoln Parish,22061,22061960400
Louisiana,Lincoln Parish,22061,22061960600
Louisiana,Lincoln Parish,22061,22061960800
Louisiana,Lincoln Parish,22061,22061960900
Louisiana,Lincoln Parish,22061,22061961000
Louisiana,Madison Parish,22065,22065960300
Louisiana,Madison Parish,22065,22065960400
Louisiana,Morehouse Parish,22067,22067950400
Louisiana,Morehouse Parish,22067,22067950500
Louisiana,Morehouse Parish,22067,22067950600
Louisiana,Morehouse Parish,22067,22067950800
Louisiana,Natchitoches Parish,22069,22069000100
Louisiana,Natchitoches Parish,22069,22069000200
Louisiana,Natchitoches Parish,22069,22069000400
Louisiana,Natchitoches Parish,22069,22069000600
Louisiana,Natchitoches Parish,22069,22069000700
Louisiana,Natchitoches Parish,22069,22069000900
Louisiana,Orleans Parish,22071,22071000601
Louisiana,Orleans Parish,22071,22071000602
Louisiana,Orleans Parish,22071,22071000603
Louisiana,Orleans Parish,22071,22071000605
Louisiana,Orleans Parish,22071,22071000611
Louisiana,Orleans Parish,22071,22071000613
Louisiana,Orleans Parish,22071,22071000701
Louisiana,Orleans Parish,22071,22071000702
Louisiana,Orleans Parish,22071,22071000902
Louisiana,Orleans Parish,22071,22071000903
Louisiana,Orleans Parish,22071,22071000904
Louisiana,Orleans Parish,22071,22071001100
Louisiana,Orleans Parish,22071,22071001301
Louisiana,Orleans Parish,22071,22071001302
Louisiana,Orleans Parish,22071,22071001402
Louisiana,Orleans Parish,22071,22071001500
Louisiana,Orleans Parish,22071,22071001722
Louisiana,Orleans Parish,22071,22071001735
Louisiana,Orleans Parish,22071,22071001736
Louisiana,Orleans Parish,22071,22071001749
Louisiana,Orleans Parish,22071,22071001750
Louisiana,Orleans Parish,22071,22071001751
Louisiana,Orleans Parish,22071,22071001900
Louisiana,Orleans Parish,22071,22071002000
Louisiana,Orleans Parish,22071,22071002700
Louisiana,Orleans Parish,22071,22071002800
Louisiana,Orleans Parish,22071,22071003000
Louisiana,Orleans Parish,22071,22071003100
Louisiana,Orleans Parish,22071,22071003400
Louisiana,Orleans Parish,22071,22071003500
Louisiana,Orleans Parish,22071,22071003600
Louisiana,Orleans Parish,22071,22071003900
Louisiana,Orleans Parish,22071,22071004401
Louisiana,Orleans Parish,22071,22071004402
Louisiana,Orleans Parish,22071,22071004800
Louisiana,Orleans Parish,22071,22071005000
Louisiana,Orleans Parish,22071,22071006000
Louisiana,Orleans Parish,22071,22071006300
Louisiana,Orleans Parish,22071,22071006900
Louisiana,Orleans Parish,22071,22071007101
Louisiana,Orleans Parish,22071,22071007200
Louisiana,Orleans Parish,22071,22071007502
Louisiana,Orleans Parish,22071,22071007605
Louisiana,Orleans Parish,22071,22071008500
Louisiana,Orleans Parish,22071,22071008600
Louisiana,Orleans Parish,22071,22071009200
Louisiana,Orleans Parish,22071,22071009400
Louisiana,Orleans Parish,22071,22071010000
Louisiana,Orleans Parish,22071,22071013000
Louisiana,Orleans Parish,22071,22071013100
Louisiana,Orleans Parish,22071,22071013200
Louisiana,Orleans Parish,22071,22071013400
Louisiana,Orleans Parish,22071,22071013800
Louisiana,Orleans Parish,22071,22071013900
Louisiana,Orleans Parish,22071,22071014000
Louisiana,Orleans Parish,22071,22071014100
Louisiana,Orleans Parish,22071,22071014300
Louisiana,Ouachita Parish,22073,22073000402
Louisiana,Ouachita Parish,22073,22073000500
Louisiana,Ouachita Parish,22073,22073000600
Louisiana,Ouachita Parish,22073,22073000700
Louisiana,Ouachita Parish,22073,22073000900
Louisiana,Ouachita Parish,22073,22073001100
Louisiana,Ouachita Parish,22073,22073001400
Louisiana,Ouachita Parish,22073,22073001500
Louisiana,Ouachita Parish,22073,22073005500
Louisiana,Ouachita Parish,22073,22073005800
Louisiana,Ouachita Parish,22073,22073010603
Louisiana,Ouachita Parish,22073,22073010700
Louisiana,Ouachita Parish,22073,22073010800
Louisiana,Ouachita Parish,22073,22073010900
Louisiana,Ouachita Parish,22073,22073011000
Louisiana,Ouachita Parish,22073,22073011100
Louisiana,Pointe Coupee Parish,22077,22077951900
Louisiana,Rapides Parish,22079,22079011000
Louisiana,Rapides Parish,22079,22079011700
Louisiana,Rapides Parish,22079,22079012000
Louisiana,Rapides Parish,22079,22079012100
Louisiana,Rapides Parish,22079,22079012700
Louisiana,Rapides Parish,22079,22079012800
Louisiana,Rapides Parish,22079,22079012900
Louisiana,Rapides Parish,22079,22079013100
Louisiana,Rapides Parish,22079,22079013900
Louisiana,Red River Parish,22081,22081960300
Louisiana,Richland Parish,22083,22083970200
Louisiana,Richland Parish,22083,22083970500
Louisiana,Sabine Parish,22085,22085000300
Louisiana,Sabine Parish,22085,22085000500
Louisiana,St. Bernard Parish,22087,22087030204
Louisiana,St. Bernard Parish,22087,22087030603
Louisiana,St. James Parish,22093,22093040400
Louisiana,St. James Parish,22093,22093040500
Louisiana,St. John the Baptist Parish,22095,22095070800
Louisiana,St. John the Baptist Parish,22095,22095070900
Louisiana,St. Landry Parish,22097,22097960100
Louisiana,St. Landry Parish,22097,22097960300
Louisiana,St. Landry Parish,22097,22097960700
Louisiana,St. Landry Parish,22097,22097960900
Louisiana,St. Landry Parish,22097,22097961000
Louisiana,St. Landry Parish,22097,22097961300
Louisiana,St. Landry Parish,22097,22097961400
Louisiana,St. Landry Parish,22097,22097961500
Louisiana,St. Landry Parish,22097,22097961600
Louisiana,St. Martin Parish,22099,22099020501
Louisiana,St. Mary Parish,22101,22101040100
Louisiana,St. Mary Parish,22101,22101040300
Louisiana,St. Mary Parish,22101,22101040400
Louisiana,St. Mary Parish,22101,22101040700
Louisiana,St. Mary Parish,22101,22101040900
Louisiana,St. Mary Parish,22101,22101041100
Louisiana,St. Tammany Parish,22103,22103040501
Louisiana,St. Tammany Parish,22103,22103040900
Louisiana,Tangipahoa Parish,22105,22105953300
Louisiana,Tangipahoa Parish,22105,22105953400
Louisiana,Tangipahoa Parish,22105,22105953600
Louisiana,Tangipahoa Parish,22105,22105954200
Louisiana,Tangipahoa Parish,22105,22105954300
Louisiana,Tangipahoa Parish,22105,22105954400
Louisiana,Tangipahoa Parish,22105,22105954501
Louisiana,Tensas Parish,22107,22107000100
Louisiana,Tensas Parish,22107,22107000300
Louisiana,Terrebonne Parish,22109,22109000600
Louisiana,Terrebonne Parish,22109,22109000700
Louisiana,Terrebonne Parish,22109,22109001100
Louisiana,Terrebonne Parish,22109,22109001300
Louisiana,Union Parish,22111,22111960400
Louisiana,Vermilion Parish,22113,22113950400
Louisiana,Vermilion Parish,22113,22113950700
Louisiana,Vermilion Parish,22113,22113950800
Louisiana,Vernon Parish,22115,22115950400
Louisiana,Washington Parish,22117,22117950101
Louisiana,Washington Parish,22117,22117950102
Louisiana,Washington Parish,22117,22117950300
Louisiana,Washington Parish,22117,22117950700
Louisiana,Washington Parish,22117,22117950800
Louisiana,Washington Parish,22117,22117950900
Louisiana,Washington Parish,22117,22117951000
Louisiana,Webster Parish,22119,22119031300
Louisiana,Webster Parish,22119,22119031700
Louisiana,Webster Parish,22119,22119031900
Louisiana,West Baton Rouge Parish,22121,22121020200
Louisiana,West Carroll Parish,22123,22123000100
Louisiana,West Carroll Parish,22123,22123000300
Louisiana,Winn Parish,22127,22127960400
Maine,Androscoggin County,23001,23001010100
Maine,Androscoggin County,23001,23001020100
Maine,Androscoggin County,23001,23001020300
Maine,Androscoggin County,23001,23001020400
Maine,Aroostook County,23003,23003950200
Maine,Cumberland County,23005,23005000300
Maine,Cumberland County,23005,23005000500
Maine,Cumberland County,23005,23005000600
Maine,Cumberland County,23005,23005001000
Maine,Penobscot County,23019,23019000600
Maine,Penobscot County,23019,23019000900
Maine,Penobscot County,23019,23019006100
Maine,Penobscot County,23019,23019006300
Maine,Penobscot County,23019,23019940000
Maine,Washington County,23029,23029955100
Maryland,Allegany County,24001,24001000500
Maryland,Allegany County,24001,24001000700
Maryland,Allegany County,24001,24001001000
Maryland,Allegany County,24001,24001001800
Maryland,Baltimore County,24005,24005490605
Maryland,Baltimore County,24005,24005492500
Maryland,Dorchester County,24019,24019970500
Maryland,Prince George's County,24033,24033803508
Maryland,Prince George's County,24033,24033807200
Maryland,Somerset County,24039,24039930600
Maryland,Washington County,24043,24043000400
Maryland,Washington County,24043,24043000700
Maryland,Washington County,24043,24043000900
Maryland,Wicomico County,24045,24045000300
Maryland,Wicomico County,24045,24045010200
Maryland,Baltimore city,24510,24510030100
Maryland,Baltimore city,24510,24510030200
Maryland,Baltimore city,24510,24510040200
Maryland,Baltimore city,24510,24510070100
Maryland,Baltimore city,24510,24510070300
Maryland,Baltimore city,24510,24510070400
Maryland,Baltimore city,24510,24510080200
Maryland,Baltimore city,24510,24510080301
Maryland,Baltimore city,24510,24510080400
Maryland,Baltimore city,24510,24510080600
Maryland,Baltimore city,24510,24510080800
Maryland,Baltimore city,24510,24510090400
Maryland,Baltimore city,24510,24510090500
Maryland,Baltimore city,24510,24510090600
Maryland,Baltimore city,24510,24510090800
Maryland,Baltimore city,24510,24510090900
Maryland,Baltimore city,24510,24510100200
Maryland,Baltimore city,24510,24510120202
Maryland,Baltimore city,24510,24510120400
Maryland,Baltimore city,24510,24510120500
Maryland,Baltimore city,24510,24510120600
Maryland,Baltimore city,24510,24510130100
Maryland,Baltimore city,24510,24510130300
Maryland,Baltimore city,24510,24510130400
Maryland,Baltimore city,24510,24510140200
Maryland,Baltimore city,24510,24510140300
Maryland,Baltimore city,24510,24510150100
Maryland,Baltimore city,24510,24510150200
Maryland,Baltimore city,24510,24510150400
Maryland,Baltimore city,24510,24510150500
Maryland,Baltimore city,24510,24510150600
Maryland,Baltimore city,24510,24510150800
Maryland,Baltimore city,24510,24510151200
Maryland,Baltimore city,24510,24510151300
Maryland,Baltimore city,24510,24510160100
Maryland,Baltimore city,24510,24510160200
Maryland,Baltimore city,24510,24510160400
Maryland,Baltimore city,24510,24510160600
Maryland,Baltimore city,24510,24510170100
Maryland,Baltimore city,24510,24510170200
Maryland,Baltimore city,24510,24510170300
Maryland,Baltimore city,24510,24510180100
Maryland,Baltimore city,24510,24510180200
Maryland,Baltimore city,24510,24510180300
Maryland,Baltimore city,24510,24510190100
Maryland,Baltimore city,24510,24510190200
Maryland,Baltimore city,24510,24510190300
Maryland,Baltimore city,24510,24510200100
Maryland,Baltimore city,24510,24510200200
Maryland,Baltimore city,24510,24510200300
Maryland,Baltimore city,24510,24510200400
Maryland,Baltimore city,24510,24510200500
Maryland,Baltimore city,24510,24510210200
Maryland,Baltimore city,24510,24510250203
Maryland,Baltimore city,24510,24510250204
Maryland,Baltimore city,24510,24510250207
Maryland,Baltimore city,24510,24510250301
Maryland,Baltimore city,24510,24510250402
Maryland,Baltimore city,24510,24510260303
Maryland,Baltimore city,24510,24510260402
Maryland,Baltimore city,24510,24510260604
Maryland,Baltimore city,24510,24510271600
Maryland,Baltimore city,24510,24510271802
Maryland,Baltimore city,24510,24510280404
Maryland,Baltimore city,24510,24510280500
Massachusetts,Berkshire County,25003,25003900100
Massachusetts,Bristol County,25005,25005640300
Massachusetts,Bristol County,25005,25005640901
Massachusetts,Bristol County,25005,25005641000
Massachusetts,Bristol County,25005,25005641101
Massachusetts,Bristol County,25005,25005650700
Massachusetts,Bristol County,25005,25005650800
Massachusetts,Bristol County,25005,25005650900
Massachusetts,Bristol County,25005,25005651100
Massachusetts,Bristol County,25005,25005651200
Massachusetts,Bristol County,25005,25005651300
Massachusetts,Bristol County,25005,25005651700
Massachusetts,Bristol County,25005,25005651800
Massachusetts,Bristol County,25005,25005651900
Massachusetts,Bristol County,25005,25005652600
Massachusetts,Bristol County,25005,25005652700
Massachusetts,Essex County,25009,25009204300
Massachusetts,Essex County,25009,25009206100
Massachusetts,Essex County,25009,25009206800
Massachusetts,Essex County,25009,25009206900
Massachusetts,Essex County,25009,25009207000
Massachusetts,Essex County,25009,25009207200
Massachusetts,Essex County,25009,25009250100
Massachusetts,Essex County,25009,25009250200
Massachusetts,Essex County,25009,25009250400
Massachusetts,Essex County,25009,25009250900
Massachusetts,Essex County,25009,25009251000
Massachusetts,Essex County,25009,25009251100
Massachusetts,Essex County,25009,25009251300
Massachusetts,Essex County,25009,25009251400
Massachusetts,Essex County,25009,25009251600
Massachusetts,Essex County,25009,25009251700
Massachusetts,Essex County,25009,25009252400
Massachusetts,Essex County,25009,25009260100
Massachusetts,Hampden County,25013,25013800600
Massachusetts,Hampden County,25013,25013800700
Massachusetts,Hampden County,25013,25013800800
Massachusetts,Hampden County,25013,25013800900
Massachusetts,Hampden County,25013,25013801101
Massachusetts,Hampden County,25013,25013801102
Massachusetts,Hampden County,25013,25013801200
Massachusetts,Hampden County,25013,25013801300
Massachusetts,Hampden County,25013,25013801401
Massachusetts,Hampden County,25013,25013801502
Massachusetts,Hampden County,25013,25013801800
Massachusetts,Hampden County,25013,25013801901
Massachusetts,Hampden County,25013,25013801902
Massachusetts,Hampden County,25013,25013802000
Massachusetts,Hampden County,25013,25013802200
Massachusetts,Hampden County,25013,25013811400
Massachusetts,Hampden County,25013,25013811500
Massachusetts,Hampden County,25013,25013811600
Massachusetts,Hampden County,25013,25013811700
Massachusetts,Hampden County,25013,25013811800
Massachusetts,Hampshire County,25015,25015820300
Massachusetts,Hampshire County,25015,25015820500
Massachusetts,Middlesex County,25017,25017310400
Massachusetts,Middlesex County,25017,25017310700
Massachusetts,Middlesex County,25017,25017311900
Massachusetts,Middlesex County,25017,25017312400
Massachusetts,Middlesex County,25017,25017353900
Massachusetts,Middlesex County,25017,25017388300
Massachusetts,Norfolk County,25021,25021417802
Massachusetts,Plymouth County,25023,25023510300
Massachusetts,Plymouth County,25023,25023510400
Massachusetts,Plymouth County,25023,25023510900
Massachusetts,Suffolk County,25025,25025000504
Massachusetts,Suffolk County,25025,25025000602
Massachusetts,Suffolk County,25025,25025000701
Massachusetts,Suffolk County,25025,25025000703
Massachusetts,Suffolk County,25025,25025000704
Massachusetts,Suffolk County,25025,25025000802
Massachusetts,Suffolk County,25025,25025000803
Massachusetts,Suffolk County,25025,25025010103
Massachusetts,Suffolk County,25025,25025010203
Massachusetts,Suffolk County,25025,25025010204
Massachusetts,Suffolk County,25025,25025010300
Massachusetts,Suffolk County,25025,25025010403
Massachusetts,Suffolk County,25025,25025010404
Massachusetts,Suffolk County,25025,25025010405
Massachusetts,Suffolk County,25025,25025010408
Massachusetts,Suffolk County,25025,25025010500
Massachusetts,Suffolk County,25025,25025040200
Massachusetts,Suffolk County,25025,25025050101
Massachusetts,Suffolk County,25025,25025050300
Massachusetts,Suffolk County,25025,25025060700
Massachusetts,Suffolk County,25025,25025061000
Massachusetts,Suffolk County,25025,25025061101
Massachusetts,Suffolk County,25025,25025070101
Massachusetts,Suffolk County,25025,25025070200
Massachusetts,Suffolk County,25025,25025070402
Massachusetts,Suffolk County,25025,25025070500
Massachusetts,Suffolk County,25025,25025071101
Massachusetts,Suffolk County,25025,25025071201
Massachusetts,Suffolk County,25025,25025080100
Massachusetts,Suffolk County,25025,25025080300
Massachusetts,Suffolk County,25025,25025080401
Massachusetts,Suffolk County,25025,25025080500
Massachusetts,Suffolk County,25025,25025080601
Massachusetts,Suffolk County,25025,25025080801
Massachusetts,Suffolk County,25025,25025080900
Massachusetts,Suffolk County,25025,25025081001
Massachusetts,Suffolk County,25025,25025081200
Massachusetts,Suffolk County,25025,25025081300
Massachusetts,Suffolk County,25025,25025081700
Massachusetts,Suffolk County,25025,25025082100
Massachusetts,Suffolk County,25025,25025090200
Massachusetts,Suffolk County,25025,25025090300
Massachusetts,Suffolk County,25025,25025090400
Massachusetts,Suffolk County,25025,25025090901
Massachusetts,Suffolk County,25025,25025091400
Massachusetts,Suffolk County,25025,25025091500
Massachusetts,Suffolk County,25025,25025091600
Massachusetts,Suffolk County,25025,25025091900
Massachusetts,Suffolk County,25025,25025092400
Massachusetts,Suffolk County,25025,25025100100
Massachusetts,Suffolk County,25025,25025101102
Massachusetts,Worcester County,25027,25027731203
Massachusetts,Worcester County,25027,25027731204
Massachusetts,Worcester County,25027,25027731300
Massachusetts,Worcester County,25027,25027731400
Massachusetts,Worcester County,25027,25027731500
Massachusetts,Worcester County,25027,25027731600
Massachusetts,Worcester County,25027,25027731700
Massachusetts,Worcester County,25027,25027731800
Massachusetts,Worcester County,25027,25027731900
Massachusetts,Worcester County,25027,25027732001
Massachusetts,Worcester County,25027,25027732500
Massachusetts,Worcester County,25027,25027733000
Michigan,Bay County,26017,26017280300
Michigan,Bay County,26017,26017280400
Michigan,Bay County,26017,26017280700
Michigan,Bay County,26017,26017286500
Michigan,Berrien County,26021,26021000300
Michigan,Berrien County,26021,26021000400
Michigan,Berrien County,26021,26021000500
Michigan,Berrien County,26021,26021000600
Michigan,Berrien County,26021,26021002100
Michigan,Berrien County,26021,26021002200
Michigan,Berrien County,26021,26021002300
Michigan,Calhoun County,26025,26025000200
Michigan,Calhoun County,26025,26025000300
Michigan,Calhoun County,26025,26025000500
Michigan,Calhoun County,26025,26025000600
Michigan,Calhoun County,26025,26025000700
Michigan,Calhoun County,26025,26025003600
Michigan,Clare County,26035,26035001300
Michigan,Genesee County,26049,26049000100
Michigan,Genesee County,26049,26049000200
Michigan,Genesee County,26049,26049000400
Michigan,Genesee County,26049,26049000500
Michigan,Genesee County,26049,26049000600
Michigan,Genesee County,26049,26049000700
Michigan,Genesee County,26049,26049000800
Michigan,Genesee County,26049,26049000900
Michigan,Genesee County,26049,26049001000
Michigan,Genesee County,26049,26049001100
Michigan,Genesee County,26049,26049001400
Michigan,Genesee County,26049,26049001500
Michigan,Genesee County,26049,26049001700
Michigan,Genesee County,26049,26049001800
Michigan,Genesee County,26049,26049001900
Michigan,Genesee County,26049,26049002000
Michigan,Genesee County,26049,26049002200
Michigan,Genesee County,26049,26049002300
Michigan,Genesee County,26049,26049002600
Michigan,Genesee County,26049,26049002800
Michigan,Genesee County,26049,26049003200
Michigan,Genesee County,26049,26049003400
Michigan,Genesee County,26049,26049003800
Michigan,Genesee County,26049,26049010304
Michigan,Genesee County,26049,26049010305
Michigan,Genesee County,26049,26049010501
Michigan,Genesee County,26049,26049012202
Michigan,Genesee County,26049,26049013600
Michigan,Houghton County,26061,26061000300
Michigan,Houghton County,26061,26061000800
Michigan,Ingham County,26065,26065000600
Michigan,Ingham County,26065,26065000700
Michigan,Ingham County,26065,26065000800
Michigan,Ingham County,26065,26065001200
Michigan,Ingham County,26065,26065002000
Michigan,Ingham County,26065,26065002101
Michigan,Ingham County,26065,26065003301
Michigan,Ingham County,26065,26065003902
Michigan,Ingham County,26065,26065004100
Michigan,Ingham County,26065,26065004301
Michigan,Ingham County,26065,26065004302
Michigan,Ingham County,26065,26065004402
Michigan,Ingham County,26065,26065004403
Michigan,Ingham County,26065,26065006600
Michigan,Ingham County,26065,26065006700
Michigan,Ingham County,26065,26065006800
Michigan,Isabella County,26073,26073000400
Michigan,Isabella County,26073,26073000500
Michigan,Isabella County,26073,26073000600
Michigan,Isabella County,26073,26073000700
Michigan,Isabella County,26073,26073000800
Michigan,Isabella County,26073,26073940500
Michigan,Jackson County,26075,26075000200
Michigan,Jackson County,26075,26075000600
Michigan,Jackson County,26075,26075001000
Michigan,Jackson County,26075,26075001100
Michigan,Jackson County,26075,26075001200
Michigan,Jackson County,26075,26075006900
Michigan,Kalamazoo County,26077,26077000100
Michigan,Kalamazoo County,26077,26077000201
Michigan,Kalamazoo County,26077,26077000202
Michigan,Kalamazoo County,26077,26077000300
Michigan,Kalamazoo County,26077,26077000500
Michigan,Kalamazoo County,26077,26077000600
Michigan,Kalamazoo County,26077,26077000900
Michigan,Kalamazoo County,26077,26077001000
Michigan,Kalamazoo County,26077,26077001504
Michigan,Kalamazoo County,26077,26077001507
Michigan,Kalamazoo County,26077,26077002903
Michigan,Kent County,26081,26081001300
Michigan,Kent County,26081,26081001500
Michigan,Kent County,26081,26081002000
Michigan,Kent County,26081,26081002100
Michigan,Kent County,26081,26081002200
Michigan,Kent County,26081,26081002600
Michigan,Kent County,26081,26081002800
Michigan,Kent County,26081,26081003100
Michigan,Kent County,26081,26081003200
Michigan,Kent County,26081,26081003600
Michigan,Kent County,26081,26081003700
Michigan,Kent County,26081,26081003800
Michigan,Kent County,26081,26081003900
Michigan,Lake County,26085,26085961100
Michigan,Lake County,26085,26085961200
Michigan,Lenawee County,26091,26091061301
Michigan,Macomb County,26099,26099245000
Michigan,Macomb County,26099,26099263800
Michigan,Marquette County,26103,26103000500
Michigan,Marquette County,26103,26103000600
Michigan,Mecosta County,26107,26107960500
Michigan,Mecosta County,26107,26107960600
Michigan,Monroe County,26115,26115831800
Michigan,Muskegon County,26121,26121000300
Michigan,Muskegon County,26121,26121000500
Michigan,Muskegon County,26121,26121001200
Michigan,Muskegon County,26121,26121001300
Michigan,Muskegon County,26121,26121001402
Michigan,Muskegon County,26121,26121004200
Michigan,Muskegon County,26121,26121004300
Michigan,Oakland County,26125,26125141200
Michigan,Oakland County,26125,26125141600
Michigan,Oakland County,26125,26125141700
Michigan,Oakland County,26125,26125142100
Michigan,Oakland County,26125,26125142200
Michigan,Oakland County,26125,26125142300
Michigan,Oakland County,26125,26125142400
Michigan,Oakland County,26125,26125171600
Michigan,Oakland County,26125,26125172500
Michigan,Ogemaw County,26129,26129950900
Michigan,Roscommon County,26143,26143970200
Michigan,Saginaw County,26145,26145000100
Michigan,Saginaw County,26145,26145000200
Michigan,Saginaw County,26145,26145000400
Michigan,Saginaw County,26145,26145000600
Michigan,Saginaw County,26145,26145000700
Michigan,Saginaw County,26145,26145000800
Michigan,Saginaw County,26145,26145000900
Michigan,Saginaw County,26145,26145001000
Michigan,Saginaw County,26145,26145001100
Michigan,Saginaw County,26145,26145001200
Michigan,Saginaw County,26145,26145001300
Michigan,Saginaw County,26145,26145001700
Michigan,Saginaw County,26145,26145011000
Michigan,St. Clair County,26147,26147620000
Michigan,St. Clair County,26147,26147621000
Michigan,St. Clair County,26147,26147623000
Michigan,St. Clair County,26147,26147624000
Michigan,St. Clair County,26147,26147625000
Michigan,Shiawassee County,26155,26155030600
Michigan,Van Buren County,26159,26159010600
Michigan,Washtenaw County,26161,26161400100
Michigan,Washtenaw County,26161,26161400200
Michigan,Washtenaw County,26161,26161400300
Michigan,Washtenaw County,26161,26161400500
Michigan,Washtenaw County,26161,26161400800
Michigan,Washtenaw County,26161,26161402100
Michigan,Washtenaw County,26161,26161402200
Michigan,Washtenaw County,26161,26161403600
Michigan,Washtenaw County,26161,26161410600
Michigan,Washtenaw County,26161,26161411000
Michigan,Washtenaw County,26161,26161411200
Michigan,Washtenaw County,26161,26161414000
Michigan,Wayne County,26163,26163500400
Michigan,Wayne County,26163,26163500500
Michigan,Wayne County,26163,26163501200
Michigan,Wayne County,26163,26163501300
Michigan,Wayne County,26163,26163502000
Michigan,Wayne County,26163,26163503300
Michigan,Wayne County,26163,26163503400
Michigan,Wayne County,26163,26163503500
Michigan,Wayne County,26163,26163503900
Michigan,Wayne County,26163,26163504000
Michigan,Wayne County,26163,26163504100
Michigan,Wayne County,26163,26163504200
Michigan,Wayne County,26163,26163504300
Michigan,Wayne County,26163,26163504400
Michigan,Wayne County,26163,26163504700
Michigan,Wayne County,26163,26163504800
Michigan,Wayne County,26163,26163505000
Michigan,Wayne County,26163,26163505100
Michigan,Wayne County,26163,26163505200
Michigan,Wayne County,26163,26163505400
Michigan,Wayne County,26163,26163505500
Michigan,Wayne County,26163,26163506300
Michigan,Wayne County,26163,26163506400
Michigan,Wayne County,26163,26163506500
Michigan,Wayne County,26163,26163506600
Michigan,Wayne County,26163,26163506900
Michigan,Wayne County,26163,26163507000
Michigan,Wayne County,26163,26163507200
Michigan,Wayne County,26163,26163507400
Michigan,Wayne County,26163,26163507500
Michigan,Wayne County,26163,26163507800
Michigan,Wayne County,26163,26163508000
Michigan,Wayne County,26163,26163508100
Michigan,Wayne County,26163,26163510400
Michigan,Wayne County,26163,26163510500
Michigan,Wayne County,26163,26163510600
Michigan,Wayne County,26163,26163510700
Michigan,Wayne County,26163,26163511000
Michigan,Wayne County,26163,26163511200
Michigan,Wayne County,26163,26163511300
Michigan,Wayne County,26163,26163511400
Michigan,Wayne County,26163,26163511900
Michigan,Wayne County,26163,26163512100
Michigan,Wayne County,26163,26163512200
Michigan,Wayne County,26163,26163512300
Michigan,Wayne County,26163,26163512400
Michigan,Wayne County,26163,26163512600
Michigan,Wayne County,26163,26163512900
Michigan,Wayne County,26163,26163513200
Michigan,Wayne County,26163,26163513600
Michigan,Wayne County,26163,26163513700
Michigan,Wayne County,26163,26163513900
Michigan,Wayne County,26163,26163514100
Michigan,Wayne County,26163,26163514200
Michigan,Wayne County,26163,26163514300
Michigan,Wayne County,26163,26163514500
Michigan,Wayne County,26163,26163515200
Michigan,Wayne County,26163,26163515300
Michigan,Wayne County,26163,26163515600
Michigan,Wayne County,26163,26163515900
Michigan,Wayne County,26163,26163516000
Michigan,Wayne County,26163,26163516100
Michigan,Wayne County,26163,26163516200
Michigan,Wayne County,26163,26163516300
Michigan,Wayne County,26163,26163516600
Michigan,Wayne County,26163,26163516800
Michigan,Wayne County,26163,26163516900
Michigan,Wayne County,26163,26163517300
Michigan,Wayne County,26163,26163517500
Michigan,Wayne County,26163,26163518000
Michigan,Wayne County,26163,26163518400
Michigan,Wayne County,26163,26163518500
Michigan,Wayne County,26163,26163518600
Michigan,Wayne County,26163,26163518800
Michigan,Wayne County,26163,26163518900
Michigan,Wayne County,26163,26163520200
Michigan,Wayne County,26163,26163520300
Michigan,Wayne County,26163,26163520400
Michigan,Wayne County,26163,26163520700
Michigan,Wayne County,26163,26163521100
Michigan,Wayne County,26163,26163521300
Michigan,Wayne County,26163,26163521400
Michigan,Wayne County,26163,26163521500
Michigan,Wayne County,26163,26163521800
Michigan,Wayne County,26163,26163521900
Michigan,Wayne County,26163,26163522000
Michigan,Wayne County,26163,26163522100
Michigan,Wayne County,26163,26163522200
Michigan,Wayne County,26163,26163522300
Michigan,Wayne County,26163,26163522400
Michigan,Wayne County,26163,26163522500
Michigan,Wayne County,26163,26163523100
Michigan,Wayne County,26163,26163523200
Michigan,Wayne County,26163,26163523300
Michigan,Wayne County,26163,26163523400
Michigan,Wayne County,26163,26163523800
Michigan,Wayne County,26163,26163524000
Michigan,Wayne County,26163,26163524100
Michigan,Wayne County,26163,26163524200
Michigan,Wayne County,26163,26163524300
Michigan,Wayne County,26163,26163524700
Michigan,Wayne County,26163,26163524900
Michigan,Wayne County,26163,26163525000
Michigan,Wayne County,26163,26163525400
Michigan,Wayne County,26163,26163525500
Michigan,Wayne County,26163,26163525600
Michigan,Wayne County,26163,26163525700
Michigan,Wayne County,26163,26163525800
Michigan,Wayne County,26163,26163526000
Michigan,Wayne County,26163,26163526100
Michigan,Wayne County,26163,26163526300
Michigan,Wayne County,26163,26163526400
Michigan,Wayne County,26163,26163526500
Michigan,Wayne County,26163,26163527200
Michigan,Wayne County,26163,26163527300
Michigan,Wayne County,26163,26163530100
Michigan,Wayne County,26163,26163530200
Michigan,Wayne County,26163,26163530300
Michigan,Wayne County,26163,26163530400
Michigan,Wayne County,26163,26163530500
Michigan,Wayne County,26163,26163530800
Michigan,Wayne County,26163,26163530900
Michigan,Wayne County,26163,26163531100
Michigan,Wayne County,26163,26163531300
Michigan,Wayne County,26163,26163531500
Michigan,Wayne County,26163,26163531600
Michigan,Wayne County,26163,26163531700
Michigan,Wayne County,26163,26163531800
Michigan,Wayne County,26163,26163531900
Michigan,Wayne County,26163,26163532200
Michigan,Wayne County,26163,26163532400
Michigan,Wayne County,26163,26163532700
Michigan,Wayne County,26163,26163533000
Michigan,Wayne County,26163,26163533100
Michigan,Wayne County,26163,26163533200
Michigan,Wayne County,26163,26163533300
Michigan,Wayne County,26163,26163533400
Michigan,Wayne County,26163,26163533500
Michigan,Wayne County,26163,26163533600
Michigan,Wayne County,26163,26163533700
Michigan,Wayne County,26163,26163533900
Michigan,Wayne County,26163,26163534100
Michigan,Wayne County,26163,26163534200
Michigan,Wayne County,26163,26163534300
Michigan,Wayne County,26163,26163534400
Michigan,Wayne County,26163,26163534500
Michigan,Wayne County,26163,26163534600
Michigan,Wayne County,26163,26163535000
Michigan,Wayne County,26163,26163535100
Michigan,Wayne County,26163,26163535200
Michigan,Wayne County,26163,26163535400
Michigan,Wayne County,26163,26163535500
Michigan,Wayne County,26163,26163536100
Michigan,Wayne County,26163,26163536300
Michigan,Wayne County,26163,26163536400
Michigan,Wayne County,26163,26163536500
Michigan,Wayne County,26163,26163536600
Michigan,Wayne County,26163,26163536700
Michigan,Wayne County,26163,26163536800
Michigan,Wayne County,26163,26163537000
Michigan,Wayne County,26163,26163537100
Michigan,Wayne County,26163,26163537500
Michigan,Wayne County,26163,26163537700
Michigan,Wayne County,26163,26163537800
Michigan,Wayne County,26163,26163540200
Michigan,Wayne County,26163,26163541000
Michigan,Wayne County,26163,26163541100
Michigan,Wayne County,26163,26163541200
Michigan,Wayne County,26163,26163542700
Michigan,Wayne County,26163,26163543500
Michigan,Wayne County,26163,26163543600
Michigan,Wayne County,26163,26163543700
Michigan,Wayne County,26163,26163543800
Michigan,Wayne County,26163,26163543900
Michigan,Wayne County,26163,26163544200
Michigan,Wayne County,26163,26163545100
Michigan,Wayne County,26163,26163545200
Michigan,Wayne County,26163,26163545300
Michigan,Wayne County,26163,26163545400
Michigan,Wayne County,26163,26163545500
Michigan,Wayne County,26163,26163546000
Michigan,Wayne County,26163,26163546400
Michigan,Wayne County,26163,26163546800
Michigan,Wayne County,26163,26163552100
Michigan,Wayne County,26163,26163552200
Michigan,Wayne County,26163,26163552300
Michigan,Wayne County,26163,26163552800
Michigan,Wayne County,26163,26163553000
Michigan,Wayne County,26163,26163553100
Michigan,Wayne County,26163,26163553200
Michigan,Wayne County,26163,26163553300
Michigan,Wayne County,26163,26163553400
Michigan,Wayne County,26163,26163553600
Michigan,Wayne County,26163,26163553800
Michigan,Wayne County,26163,26163570600
Michigan,Wayne County,26163,26163570800
Michigan,Wayne County,26163,26163573500
Michigan,Wayne County,26163,26163573600
Michigan,Wayne County,26163,26163573800
Michigan,Wayne County,26163,26163579100
Michigan,Wayne County,26163,26163579200
Michigan,Wayne County,26163,26163579500
Michigan,Wayne County,26163,26163579600
Michigan,Wayne County,26163,26163584800
Minnesota,Beltrami County,27007,27007450600
Minnesota,Beltrami County,27007,27007940001
Minnesota,Blue Earth County,27013,27013170700
Minnesota,Blue Earth County,27013,27013171101
Minnesota,Blue Earth County,27013,27013171202
Minnesota,Cass County,27021,27021940002
Minnesota,Clay County,27027,27027020300
Minnesota,Clay County,27027,27027020400
Minnesota,Hennepin County,27053,27053002200
Minnesota,Hennepin County,27053,27053002700
Minnesota,Hennepin County,27053,27053003300
Minnesota,Hennepin County,27053,27053003800
Minnesota,Hennepin County,27053,27053005901
Minnesota,Hennepin County,27053,27053005902
Minnesota,Hennepin County,27053,27053008200
Minnesota,Hennepin County,27053,27053008300
Minnesota,Hennepin County,27053,27053008500
Minnesota,Hennepin County,27053,27053009500
Minnesota,Hennepin County,27053,27053101600
Minnesota,Hennepin County,27053,27053101800
Minnesota,Hennepin County,27053,27053102100
Minnesota,Hennepin County,27053,27053102300
Minnesota,Hennepin County,27053,27053102800
Minnesota,Hennepin County,27053,27053102900
Minnesota,Hennepin County,27053,27053103400
Minnesota,Hennepin County,27053,27053103900
Minnesota,Hennepin County,27053,27053104000
Minnesota,Hennepin County,27053,27053104100
Minnesota,Hennepin County,27053,27053104400
Minnesota,Hennepin County,27053,27053104800
Minnesota,Hennepin County,27053,27053104900
Minnesota,Hennepin County,27053,27053105400
Minnesota,Hennepin County,27053,27053105700
Minnesota,Hennepin County,27053,27053106000
Minnesota,Hennepin County,27053,27053106200
Minnesota,Hennepin County,27053,27053106900
Minnesota,Hennepin County,27053,27053109400
Minnesota,Hennepin County,27053,27053125700
Minnesota,Hennepin County,27053,27053125900
Minnesota,Hennepin County,27053,27053126000
Minnesota,Mahnomen County,27087,27087940300
Minnesota,Ramsey County,27123,27123030500
Minnesota,Ramsey County,27123,27123030900
Minnesota,Ramsey County,27123,27123031300
Minnesota,Ramsey County,27123,27123031400
Minnesota,Ramsey County,27123,27123031500
Minnesota,Ramsey County,27123,27123031701
Minnesota,Ramsey County,27123,27123031702
Minnesota,Ramsey County,27123,27123032500
Minnesota,Ramsey County,27123,27123032600
Minnesota,Ramsey County,27123,27123032700
Minnesota,Ramsey County,27123,27123033000
Minnesota,Ramsey County,27123,27123033400
Minnesota,Ramsey County,27123,27123033500
Minnesota,Ramsey County,27123,27123033600
Minnesota,Ramsey County,27123,27123033700
Minnesota,Ramsey County,27123,27123034400
Minnesota,Ramsey County,27123,27123035900
Minnesota,Ramsey County,27123,27123036100
Minnesota,Ramsey County,27123,27123042800
Minnesota,St. Louis County,27137,27137001200
Minnesota,St. Louis County,27137,27137001300
Minnesota,St. Louis County,27137,27137001400
Minnesota,St. Louis County,27137,27137001600
Minnesota,St. Louis County,27137,27137001700
Minnesota,St. Louis County,27137,27137001800
Minnesota,St. Louis County,27137,27137001900
Minnesota,St. Louis County,27137,27137002400
Minnesota,St. Louis County,27137,27137015600
Minnesota,Stearns County,27145,27145000302
Minnesota,Stearns County,27145,27145011600
Minnesota,Winona County,27169,27169670500
Mississippi,Adams County,28001,28001000100
Mississippi,Adams County,28001,28001000200
Mississippi,Adams County,28001,28001000300
Mississippi,Adams County,28001,28001000400
Mississippi,Adams County,28001,28001000800
Mississippi,Alcorn County,28003,28003950500
Mississippi,Amite County,28005,28005950200
Mississippi,Amite County,28005,28005950300
Mississippi,Attala County,28007,28007060100
Mississippi,Attala County,28007,28007060300
Mississippi,Attala County,28007,28007060500
Mississippi,Attala County,28007,28007060600
Mississippi,Bolivar County,28011,28011950100
Mississippi,Bolivar County,28011,28011950200
Mississippi,Bolivar County,28011,28011950300
Mississippi,Bolivar County,28011,28011950400
Mississippi,Bolivar County,28011,28011950500
Mississippi,Bolivar County,28011,28011950701
Mississippi,Bolivar County,28011,28011950702
Mississippi,Calhoun County,28013,28013950200
Mississippi,Calhoun County,28013,28013950500
Mississippi,Chickasaw County,28017,28017950100
Mississippi,Choctaw County,28019,28019950300
Mississippi,Claiborne County,28021,28021950100
Mississippi,Claiborne County,28021,28021950200
Mississippi,Claiborne County,28021,28021950300
Mississippi,Clarke County,28023,28023950300
Mississippi,Clarke County,28023,28023950400
Mississippi,Clay County,28025,28025950200
Mississippi,Clay County,28025,28025950300
Mississippi,Clay County,28025,28025950400
Mississippi,Coahoma County,28027,28027950100
Mississippi,Coahoma County,28027,28027950300
Mississippi,Coahoma County,28027,28027950500
Mississippi,Coahoma County,28027,28027950600
Mississippi,Coahoma County,28027,28027950700
Mississippi,Copiah County,28029,28029950400
Mississippi,Copiah County,28029,28029950600
Mississippi,Covington County,28031,28031950100
Mississippi,Covington County,28031,28031950200
Mississippi,Covington County,28031,28031950300
Mississippi,Forrest County,28035,28035000300
Mississippi,Forrest County,28035,28035000500
Mississippi,Forrest County,28035,28035000600
Mississippi,Forrest County,28035,28035000900
Mississippi,Forrest County,28035,28035001000
Mississippi,Forrest County,28035,28035001100
Mississippi,Forrest County,28035,28035010500
Mississippi,Forrest County,28035,28035010700
Mississippi,Grenada County,28043,28043950300
Mississippi,Grenada County,28043,28043950400
Mississippi,Harrison County,28047,28047001800
Mississippi,Harrison County,28047,28047002000
Mississippi,Harrison County,28047,28047002300
Mississippi,Harrison County,28047,28047002400
Mississippi,Harrison County,28047,28047002600
Mississippi,Harrison County,28047,28047003600
Mississippi,Harrison County,28047,28047003900
Mississippi,Hinds County,28049,28049000500
Mississippi,Hinds County,28049,28049000700
Mississippi,Hinds County,28049,28049000800
Mississippi,Hinds County,28049,28049000900
Mississippi,Hinds County,28049,28049001000
Mississippi,Hinds County,28049,28049001100
Mississippi,Hinds County,28049,28049001200
Mississippi,Hinds County,28049,28049001600
Mississippi,Hinds County,28049,28049001900
Mississippi,Hinds County,28049,28049002000
Mississippi,Hinds County,28049,28049002100
Mississippi,Hinds County,28049,28049002200
Mississippi,Hinds County,28049,28049002300
Mississippi,Hinds County,28049,28049002400
Mississippi,Hinds County,28049,28049002500
Mississippi,Hinds County,28049,28049002700
Mississippi,Hinds County,28049,28049003000
Mississippi,Hinds County,28049,28049003200
Mississippi,Hinds County,28049,28049003500
Mississippi,Hinds County,28049,28049010201
Mississippi,Hinds County,28049,28049010203
Mississippi,Hinds County,28049,28049010801
Mississippi,Hinds County,28049,28049010902
Mississippi,Hinds County,28049,28049011400
Mississippi,Hinds County,28049,28049011500
Mississippi,Holmes County,28051,28051950100
Mississippi,Holmes County,28051,28051950200
Mississippi,Holmes County,28051,28051950300
Mississippi,Holmes County,28051,28051950400
Mississippi,Holmes County,28051,28051950500
Mississippi,Humphreys County,28053,28053950100
Mississippi,Humphreys County,28053,28053950200
Mississippi,Humphreys County,28053,28053950300
Mississippi,Issaquena County,28055,28055950100
Mississippi,Jackson County,28059,28059041700
Mississippi,Jackson County,28059,28059042000
Mississippi,Jackson County,28059,28059042200
Mississippi,Jasper County,28061,28061950400
Mississippi,Jefferson County,28063,28063950100
Mississippi,Jefferson County,28063,28063950200
Mississippi,Jefferson Davis County,28065,28065950100
Mississippi,Jefferson Davis County,28065,28065950201
Mississippi,Jefferson Davis County,28065,28065950202
Mississippi,Jones County,28067,28067950500
Mississippi,Jones County,28067,28067950600
Mississippi,Jones County,28067,28067950700
Mississippi,Jones County,28067,28067951000
Mississippi,Kemper County,28069,28069030100
Mississippi,Lafayette County,28071,28071950201
Mississippi,Lafayette County,28071,28071950202
Mississippi,Lafayette County,28071,28071950301
Mississippi,Lafayette County,28071,28071950302
Mississippi,Lamar County,28073,28073020600
Mississippi,Lauderdale County,28075,28075000200
Mississippi,Lauderdale County,28075,28075000400
Mississippi,Lauderdale County,28075,28075000600
Mississippi,Lauderdale County,28075,28075000700
Mississippi,Lauderdale County,28075,28075000800
Mississippi,Lauderdale County,28075,28075010700
Mississippi,Leake County,28079,28079040600
Mississippi,Leake County,28079,28079040700
Mississippi,Leflore County,28083,28083950200
Mississippi,Leflore County,28083,28083950300
Mississippi,Leflore County,28083,28083950400
Mississippi,Leflore County,28083,28083950700
Mississippi,Leflore County,28083,28083950800
Mississippi,Leflore County,28083,28083950900
Mississippi,Lincoln County,28085,28085950500
Mississippi,Lowndes County,28087,28087000600
Mississippi,Lowndes County,28087,28087000700
Mississippi,Lowndes County,28087,28087000800
Mississippi,Lowndes County,28087,28087000900
Mississippi,Lowndes County,28087,28087001100
Mississippi,Madison County,28089,28089030500
Mississippi,Marion County,28091,28091950300
Mississippi,Marion County,28091,28091950400
Mississippi,Marion County,28091,28091950500
Mississippi,Marion County,28091,28091950600
Mississippi,Marshall County,28093,28093950401
Mississippi,Marshall County,28093,28093950402
Mississippi,Monroe County,28095,28095950400
Mississippi,Monroe County,28095,28095950800
Mississippi,Montgomery County,28097,28097950200
Mississippi,Montgomery County,28097,28097950300
Mississippi,Neshoba County,28099,28099010400
Mississippi,Neshoba County,28099,28099010500
Mississippi,Neshoba County,28099,28099940100
Mississippi,Newton County,28101,28101050500
Mississippi,Noxubee County,28103,28103950100
Mississippi,Noxubee County,28103,28103950200
Mississippi,Noxubee County,28103,28103950300
Mississippi,Oktibbeha County,28105,28105950100
Mississippi,Oktibbeha County,28105,28105950300
Mississippi,Oktibbeha County,28105,28105950400
Mississippi,Oktibbeha County,28105,28105950500
Mississippi,Oktibbeha County,28105,28105950601
Mississippi,Oktibbeha County,28105,28105950602
Mississippi,Panola County,28107,28107950100
Mississippi,Panola County,28107,28107950200
Mississippi,Pearl River County,28109,28109950300
Mississippi,Pearl River County,28109,28109950700
Mississippi,Pike County,28113,28113950200
Mississippi,Pike County,28113,28113950300
Mississippi,Pike County,28113,28113950500
Mississippi,Pike County,28113,28113950600
Mississippi,Pike County,28113,28113950700
Mississippi,Prentiss County,28117,28117950500
Mississippi,Quitman County,28119,28119950100
Mississippi,Quitman County,28119,28119950200
Mississippi,Quitman County,28119,28119950300
Mississippi,Scott County,28123,28123020200
Mississippi,Scott County,28123,28123020500
Mississippi,Sharkey County,28125,28125950100
Mississippi,Sharkey County,28125,28125950200
Mississippi,Simpson County,28127,28127950500
Mississippi,Stone County,28131,28131020100
Mississippi,Sunflower County,28133,28133950100
Mississippi,Sunflower County,28133,28133950200
Mississippi,Sunflower County,28133,28133950300
Mississippi,Sunflower County,28133,28133950402
Mississippi,Sunflower County,28133,28133950500
Mississippi,Sunflower County,28133,28133950600
Mississippi,Tallahatchie County,28135,28135950100
Mississippi,Tallahatchie County,28135,28135950200
Mississippi,Tallahatchie County,28135,28135950300
Mississippi,Tallahatchie County,28135,28135950400
Mississippi,Tishomingo County,28141,28141950200
Mississippi,Tunica County,28143,28143950200
Mississippi,Walthall County,28147,28147950200
Mississippi,Walthall County,28147,28147950300
Mississippi,Warren County,28149,28149950200
Mississippi,Warren County,28149,28149950300
Mississippi,Warren County,28149,28149950400
Mississippi,Washington County,28151,28151000100
Mississippi,Washington County,28151,28151000200
Mississippi,Washington County,28151,28151000300
Mississippi,Washington County,28151,28151000400
Mississippi,Washington County,28151,28151000600
Mississippi,Washington County,28151,28151001000
Mississippi,Washington County,28151,28151001100
Mississippi,Washington County,28151,28151001200
Mississippi,Washington County,28151,28151001300
Mississippi,Washington County,28151,28151001500
Mississippi,Washington County,28151,28151001600
Mississippi,Washington County,28151,28151001700
Mississippi,Washington County,28151,28151002000
Mississippi,Washington County,28151,28151002100
Mississippi,Wayne County,28153,28153950200
Mississippi,Webster County,28155,28155950300
Mississippi,Wilkinson County,28157,28157950100
Mississippi,Wilkinson County,28157,28157950200
Mississippi,Winston County,28159,28159950200
Mississippi,Winston County,28159,28159950400
Mississippi,Yazoo County,28163,28163950200
Mississippi,Yazoo County,28163,28163950300
Mississippi,Yazoo County,28163,28163950500
Missouri,Adair County,29001,29001950300
Missouri,Adair County,29001,29001950500
Missouri,Adair County,29001,29001950900
Missouri,Adair County,29001,29001951000
Missouri,Boone County,29019,29019000200
Missouri,Boone County,29019,29019000300
Missouri,Boone County,29019,29019000500
Missouri,Boone County,29019,29019000900
Missouri,Boone County,29019,29019001101
Missouri,Boone County,29019,29019002100
Missouri,Boone County,29019,29019002200
Missouri,Buchanan County,29021,29021001000
Missouri,Buchanan County,29021,29021001100
Missouri,Buchanan County,29021,29021001200
Missouri,Butler County,29023,29023950400
Missouri,Butler County,29023,29023950500
Missouri,Butler County,29023,29023950700
Missouri,Butler County,29023,29023950800
Missouri,Cape Girardeau County,29031,29031880800
Missouri,Cape Girardeau County,29031,29031880900
Missouri,Cape Girardeau County,29031,29031881000
Missouri,Cape Girardeau County,29031,29031881400
Missouri,Cape Girardeau County,29031,29031881600
Missouri,Cole County,29051,29051020700
Missouri,Dunklin County,29069,29069360100
Missouri,Dunklin County,29069,29069360500
Missouri,Dunklin County,29069,29069360600
Missouri,Dunklin County,29069,29069360800
Missouri,Dunklin County,29069,29069361000
Missouri,Greene County,29077,29077000100
Missouri,Greene County,29077,29077000200
Missouri,Greene County,29077,29077000400
Missouri,Greene County,29077,29077000501
Missouri,Greene County,29077,29077000502
Missouri,Greene County,29077,29077000600
Missouri,Greene County,29077,29077000700
Missouri,Greene County,29077,29077000900
Missouri,Greene County,29077,29077001700
Missouri,Greene County,29077,29077001800
Missouri,Greene County,29077,29077003200
Missouri,Greene County,29077,29077003300
Missouri,Greene County,29077,29077005500
Missouri,Howell County,29091,29091090200
Missouri,Howell County,29091,29091090700
Missouri,Iron County,29093,29093950300
Missouri,Jackson County,29095,29095000300
Missouri,Jackson County,29095,29095001000
Missouri,Jackson County,29095,29095001800
Missouri,Jackson County,29095,29095001900
Missouri,Jackson County,29095,29095002100
Missouri,Jackson County,29095,29095002200
Missouri,Jackson County,29095,29095002300
Missouri,Jackson County,29095,29095003400
Missouri,Jackson County,29095,29095003700
Missouri,Jackson County,29095,29095003800
Missouri,Jackson County,29095,29095005200
Missouri,Jackson County,29095,29095005400
Missouri,Jackson County,29095,29095005500
Missouri,Jackson County,29095,29095005601
Missouri,Jackson County,29095,29095005602
Missouri,Jackson County,29095,29095005801
Missouri,Jackson County,29095,29095006000
Missouri,Jackson County,29095,29095006300
Missouri,Jackson County,29095,29095006700
Missouri,Jackson County,29095,29095007500
Missouri,Jackson County,29095,29095007600
Missouri,Jackson County,29095,29095007700
Missouri,Jackson County,29095,29095007900
Missouri,Jackson County,29095,29095008000
Missouri,Jackson County,29095,29095008700
Missouri,Jackson County,29095,29095008800
Missouri,Jackson County,29095,29095009600
Missouri,Jackson County,29095,29095015400
Missouri,Jackson County,29095,29095015900
Missouri,Jackson County,29095,29095016000
Missouri,Jackson County,29095,29095016200
Missouri,Jackson County,29095,29095016400
Missouri,Jackson County,29095,29095016900
Missouri,Jackson County,29095,29095017800
Missouri,Jasper County,29097,29097010100
Missouri,Jasper County,29097,29097010600
Missouri,Jasper County,29097,29097011000
Missouri,Johnson County,29101,29101960400
Missouri,Johnson County,29101,29101960600
Missouri,Lewis County,29111,29111970200
Missouri,Livingston County,29117,29117480500
Missouri,McDonald County,29119,29119070300
Missouri,Marion County,29127,29127960800
Missouri,Mississippi County,29133,29133950200
Missouri,Mississippi County,29133,29133950400
Missouri,New Madrid County,29143,29143960300
Missouri,New Madrid County,29143,29143960400
Missouri,New Madrid County,29143,29143960500
Missouri,New Madrid County,29143,29143960600
Missouri,Nodaway County,29147,29147470300
Missouri,Nodaway County,29147,29147470400
Missouri,Oregon County,29149,29149480100
Missouri,Oregon County,29149,29149480200
Missouri,Oregon County,29149,29149480300
Missouri,Pemiscot County,29155,29155470200
Missouri,Pemiscot County,29155,29155470300
Missouri,Pemiscot County,29155,29155470400
Missouri,Pemiscot County,29155,29155470600
Missouri,Pettis County,29159,29159480600
Missouri,Pettis County,29159,29159480900
Missouri,Phelps County,29161,29161890400
Missouri,Phelps County,29161,29161890800
Missouri,Randolph County,29175,29175490300
Missouri,Ripley County,29181,29181870300
Missouri,Ripley County,29181,29181870400
Missouri,St. Francois County,29187,29187950600
Missouri,St. Louis County,29189,29189213900
Missouri,St. Louis County,29189,29189216000
Missouri,St. Louis County,29189,29189216100
Missouri,St. Louis County,29189,29189221800
Missouri,Scott County,29201,29201780700
Missouri,Scott County,29201,29201781200
Missouri,Shannon County,29203,29203470200
Missouri,Stoddard County,29207,29207470500
Missouri,Texas County,29215,29215480200
Missouri,Washington County,29221,29221460100
Missouri,Washington County,29221,29221460300
Missouri,Wayne County,29223,29223690300
Missouri,Wright County,29229,29229490300
Missouri,Wright County,29229,29229490400
Missouri,St. Louis city,29510,29510101500
Missouri,St. Louis city,29510,29510105300
Missouri,St. Louis city,29510,29510105400
Missouri,St. Louis city,29510,29510106100
Missouri,St. Louis city,29510,29510106200
Missouri,St. Louis city,29510,29510106300
Missouri,St. Louis city,29510,29510106400
Missouri,St. Louis city,29510,29510106600
Missouri,St. Louis city,29510,29510106700
Missouri,St. Louis city,29510,29510107200
Missouri,St. Louis city,29510,29510107400
Missouri,St. Louis city,29510,29510107500
Missouri,St. Louis city,29510,29510107600
Missouri,St. Louis city,29510,29510109600
Missouri,St. Louis city,29510,29510109700
Missouri,St. Louis city,29510,29510110100
Missouri,St. Louis city,29510,29510110200
Missouri,St. Louis city,29510,29510110300
Missouri,St. Louis city,29510,29510110400
Missouri,St. Louis city,29510,29510110500
Missouri,St. Louis city,29510,29510111100
Missouri,St. Louis city,29510,29510111200
Missouri,St. Louis city,29510,29510111300
Missouri,St. Louis city,29510,29510111400
Missouri,St. Louis city,29510,29510111500
Missouri,St. Louis city,29510,29510112200
Missouri,St. Louis city,29510,29510112300
Missouri,St. Louis city,29510,29510115600
Missouri,St. Louis city,29510,29510116400
Missouri,St. Louis city,29510,29510118400
Missouri,St. Louis city,29510,29510119101
Missouri,St. Louis city,29510,29510119300
Missouri,St. Louis city,29510,29510120200
Missouri,St. Louis city,29510,29510121200
Missouri,St. Louis city,29510,29510124100
Missouri,St. Louis city,29510,29510124200
Missouri,St. Louis city,29510,29510124600
Missouri,St. Louis city,29510,29510125700
Missouri,St. Louis city,29510,29510126600
Missouri,St. Louis city,29510,29510126700
Missouri,St. Louis city,29510,29510127000
Missouri,St. Louis city,29510,29510127100
Missouri,St. Louis city,29510,29510127500
Montana,Big Horn County,30003,30003000100
Montana,Big Horn County,30003,30003940400
Montana,Big Horn County,30003,30003940700
Montana,Blaine County,30005,30005940100
Montana,Blaine County,30005,30005940200
Montana,Cascade County,30013,30013000700
Montana,Cascade County,30013,30013000900
Montana,Cascade County,30013,30013010800
Montana,Gallatin County,30031,30031000600
Montana,Gallatin County,30031,30031000900
Montana,Gallatin County,30031,30031001101
Montana,Gallatin County,30031,30031001102
Montana,Glacier County,30035,30035940200
Montana,Hill County,30041,30041040300
Montana,Hill County,30041,30041940300
Montana,Lake County,30047,30047940600
Montana,Missoula County,30063,30063000201
Montana,Missoula County,30063,30063000300
Montana,Missoula County,30063,30063000500
Montana,Missoula County,30063,30063000700
Montana,Missoula County,30063,30063000800
Montana,Missoula County,30063,30063001100
Montana,Pondera County,30073,30073977200
Montana,Roosevelt County,30085,30085940002
Montana,Rosebud County,30087,30087940400
Montana,Silver Bow County,30093,30093000100
Montana,Yellowstone County,30111,30111000200
Nebraska,Buffalo County,31019,31019969600
Nebraska,Douglas County,31055,31055000300
Nebraska,Douglas County,31055,31055000500
Nebraska,Douglas County,31055,31055000600
Nebraska,Douglas County,31055,31055000700
Nebraska,Douglas County,31055,31055000800
Nebraska,Douglas County,31055,31055001100
Nebraska,Douglas County,31055,31055001200
Nebraska,Douglas County,31055,31055001600
Nebraska,Douglas County,31055,31055001900
Nebraska,Douglas County,31055,31055002900
Nebraska,Douglas County,31055,31055003900
Nebraska,Douglas County,31055,31055004000
Nebraska,Douglas County,31055,31055005000
Nebraska,Douglas County,31055,31055005100
Nebraska,Douglas County,31055,31055005200
Nebraska,Douglas County,31055,31055005300
Nebraska,Douglas County,31055,31055005400
Nebraska,Douglas County,31055,31055005901
Nebraska,Douglas County,31055,31055005902
Nebraska,Douglas County,31055,31055006000
Nebraska,Douglas County,31055,31055006101
Nebraska,Lancaster County,31109,31109000400
Nebraska,Lancaster County,31109,31109000500
Nebraska,Lancaster County,31109,31109000600
Nebraska,Lancaster County,31109,31109000700
Nebraska,Lancaster County,31109,31109000800
Nebraska,Lancaster County,31109,31109001700
Nebraska,Lancaster County,31109,31109001800
Nebraska,Lancaster County,31109,31109001900
Nebraska,Lancaster County,31109,31109002001
Nebraska,Lancaster County,31109,31109002002
Nebraska,Scotts Bluff County,31157,31157953700
Nebraska,Thurston County,31173,31173940100
Nebraska,Thurston County,31173,31173940200
Nevada,Clark County,32003,32003000301
Nevada,Clark County,32003,32003000302
Nevada,Clark County,32003,32003000401
Nevada,Clark County,32003,32003000402
Nevada,Clark County,32003,32003000403
Nevada,Clark County,32003,32003000520
Nevada,Clark County,32003,32003000521
Nevada,Clark County,32003,32003000522
Nevada,Clark County,32003,32003000523
Nevada,Clark County,32003,32003000700
Nevada,Clark County,32003,32003001100
Nevada,Clark County,32003,32003003500
Nevada,Clark County,32003,32003003800
Nevada,Clark County,32003,32003004301
Nevada,Clark County,32003,32003004302
Nevada,Clark County,32003,32003004601
Nevada,Clark County,32003,32003004602
Nevada,Washoe County,32031,32031000101
Nevada,Washoe County,32031,32031000102
Nevada,Washoe County,32031,32031000900
New Hampshire,Hillsborough County,33011,33011001400
New Hampshire,Hillsborough County,33011,33011200400
New Hampshire,Strafford County,33017,33017080202
New Hampshire,Strafford County,33017,33017080203
New Hampshire,Strafford County,33017,33017080204
New Jersey,Atlantic County,34001,34001001100
New Jersey,Atlantic County,34001,34001001400
New Jersey,Atlantic County,34001,34001001500
New Jersey,Atlantic County,34001,34001002300
New Jersey,Atlantic County,34001,34001002400
New Jersey,Camden County,34007,34007600200
New Jersey,Camden County,34007,34007600400
New Jersey,Camden County,34007,34007600700
New Jersey,Camden County,34007,34007600800
New Jersey,Camden County,34007,34007600900
New Jersey,Camden County,34007,34007601101
New Jersey,Camden County,34007,34007601102
New Jersey,Camden County,34007,34007601200
New Jersey,Camden County,34007,34007601300
New Jersey,Camden County,34007,34007601500
New Jersey,Camden County,34007,34007601600
New Jersey,Camden County,34007,34007601700
New Jersey,Camden County,34007,34007601800
New Jersey,Camden County,34007,34007601900
New Jersey,Camden County,34007,34007610300
New Jersey,Camden County,34007,34007610400
New Jersey,Cumberland County,34011,34011020100
New Jersey,Cumberland County,34011,34011020300
New Jersey,Cumberland County,34011,34011020503
New Jersey,Cumberland County,34011,34011041100
New Jersey,Essex County,34013,34013000200
New Jersey,Essex County,34013,34013000300
New Jersey,Essex County,34013,34013000800
New Jersey,Essex County,34013,34013000900
New Jersey,Essex County,34013,34013001000
New Jersey,Essex County,34013,34013001100
New Jersey,Essex County,34013,34013001400
New Jersey,Essex County,34013,34013001500
New Jersey,Essex County,34013,34013001600
New Jersey,Essex County,34013,34013001900
New Jersey,Essex County,34013,34013002400
New Jersey,Essex County,34013,34013002600
New Jersey,Essex County,34013,34013003100
New Jersey,Essex County,34013,34013003500
New Jersey,Essex County,34013,34013003900
New Jersey,Essex County,34013,34013004100
New Jersey,Essex County,34013,34013004802
New Jersey,Essex County,34013,34013005000
New Jersey,Essex County,34013,34013005400
New Jersey,Essex County,34013,34013005700
New Jersey,Essex County,34013,34013006200
New Jersey,Essex County,34013,34013006600
New Jersey,Essex County,34013,34013006700
New Jersey,Essex County,34013,34013006800
New Jersey,Essex County,34013,34013008100
New Jersey,Essex County,34013,34013008200
New Jersey,Essex County,34013,34013008700
New Jersey,Essex County,34013,34013008800
New Jersey,Essex County,34013,34013009200
New Jersey,Essex County,34013,34013009600
New Jersey,Essex County,34013,34013009700
New Jersey,Essex County,34013,34013010600
New Jersey,Essex County,34013,34013011100
New Jersey,Essex County,34013,34013011200
New Jersey,Essex County,34013,34013013100
New Jersey,Essex County,34013,34013013200
New Jersey,Essex County,34013,34013022700
New Jersey,Essex County,34013,34013022800
New Jersey,Essex County,34013,34013022900
New Jersey,Essex County,34013,34013023000
New Jersey,Essex County,34013,34013023100
New Jersey,Essex County,34013,34013023200
New Jersey,Gloucester County,34015,34015501404
New Jersey,Hudson County,34017,34017000200
New Jersey,Hudson County,34017,34017001800
New Jersey,Hudson County,34017,34017002000
New Jersey,Hudson County,34017,34017003000
New Jersey,Hudson County,34017,34017003100
New Jersey,Hudson County,34017,34017004200
New Jersey,Hudson County,34017,34017004600
New Jersey,Hudson County,34017,34017005500
New Jersey,Hudson County,34017,34017006700
New Jersey,Hudson County,34017,34017016600
New Jersey,Hudson County,34017,34017017000
New Jersey,Hudson County,34017,34017019000
New Jersey,Mercer County,34021,34021001000
New Jersey,Mercer County,34021,34021001101
New Jersey,Mercer County,34021,34021001102
New Jersey,Mercer County,34021,34021001401
New Jersey,Mercer County,34021,34021001402
New Jersey,Mercer County,34021,34021001500
New Jersey,Mercer County,34021,34021001700
New Jersey,Mercer County,34021,34021001900
New Jersey,Middlesex County,34023,34023005100
New Jersey,Middlesex County,34023,34023005200
New Jersey,Middlesex County,34023,34023005500
New Jersey,Middlesex County,34023,34023005800
New Jersey,Middlesex County,34023,34023009300
New Jersey,Monmouth County,34025,34025805600
New Jersey,Monmouth County,34025,34025805800
New Jersey,Monmouth County,34025,34025807003
New Jersey,Monmouth County,34025,34025807200
New Jersey,Monmouth County,34025,34025807300
New Jersey,Monmouth County,34025,34025807600
New Jersey,Ocean County,34029,34029715200
New Jersey,Ocean County,34029,34029715301
New Jersey,Ocean County,34029,34029715302
New Jersey,Ocean County,34029,34029715402
New Jersey,Passaic County,34031,34031175200
New Jersey,Passaic County,34031,34031175301
New Jersey,Passaic County,34031,34031175302
New Jersey,Passaic County,34031,34031175401
New Jersey,Passaic County,34031,34031175402
New Jersey,Passaic County,34031,34031175900
New Jersey,Passaic County,34031,34031180800
New Jersey,Passaic County,34031,34031180900
New Jersey,Passaic County,34031,34031181400
New Jersey,Passaic County,34031,34031181500
New Jersey,Passaic County,34031,34031181702
New Jersey,Passaic County,34031,34031181800
New Jersey,Passaic County,34031,34031182000
New Jersey,Passaic County,34031,34031182200
New Jersey,Passaic County,34031,34031182302
New Jersey,Passaic County,34031,34031182900
New Jersey,Passaic County,34031,34031183200
New Jersey,Passaic County,34031,34031264200
New Jersey,Salem County,34033,34033020300
New Jersey,Salem County,34033,34033021900
New Jersey,Salem County,34033,34033022000
New Jersey,Salem County,34033,34033022100
New Jersey,Union County,34039,34039030200
New Jersey,Union County,34039,34039030600
New Jersey,Union County,34039,34039031700
New Jersey,Union County,34039,34039039300
New Jersey,Union County,34039,34039039900
New Mexico,Bernalillo County,35001,35001000603
New Mexico,Bernalillo County,35001,35001000604
New Mexico,Bernalillo County,35001,35001000901
New Mexico,Bernalillo County,35001,35001000903
New Mexico,Bernalillo County,35001,35001001200
New Mexico,Bernalillo County,35001,35001001300
New Mexico,Bernalillo County,35001,35001001400
New Mexico,Bernalillo County,35001,35001001500
New Mexico,Bernalillo County,35001,35001001600
New Mexico,Bernalillo County,35001,35001001700
New Mexico,Bernalillo County,35001,35001002000
New Mexico,Bernalillo County,35001,35001002300
New Mexico,Bernalillo County,35001,35001002402
New Mexico,Bernalillo County,35001,35001002500
New Mexico,Bernalillo County,35001,35001003733
New Mexico,Bernalillo County,35001,35001004300
New Mexico,Bernalillo County,35001,35001004401
New Mexico,Bernalillo County,35001,35001004501
New Mexico,Bernalillo County,35001,35001004502
New Mexico,Chaves County,35005,35005000202
New Mexico,Chaves County,35005,35005000300
New Mexico,Chaves County,35005,35005000400
New Mexico,Chaves County,35005,35005000500
New Mexico,Chaves County,35005,35005000600
New Mexico,Cibola County,35006,35006945800
New Mexico,Cibola County,35006,35006974201
New Mexico,Curry County,35009,35009000100
New Mexico,Curry County,35009,35009000202
New Mexico,Curry County,35009,35009000400
New Mexico,Curry County,35009,35009000500
New Mexico,Doña Ana County,35013,35013000201
New Mexico,Doña Ana County,35013,35013000401
New Mexico,Doña Ana County,35013,35013000600
New Mexico,Doña Ana County,35013,35013000700
New Mexico,Doña Ana County,35013,35013000900
New Mexico,Doña Ana County,35013,35013001000
New Mexico,Doña Ana County,35013,35013001304
New Mexico,Doña Ana County,35013,35013001305
New Mexico,Doña Ana County,35013,35013001400
New Mexico,Doña Ana County,35013,35013001702
New Mexico,Doña Ana County,35013,35013001705
New Mexico,Doña Ana County,35013,35013001706
New Mexico,Doña Ana County,35013,35013001707
New Mexico,Doña Ana County,35013,35013001801
New Mexico,Doña Ana County,35013,35013001802
New Mexico,Doña Ana County,35013,35013001804
New Mexico,Doña Ana County,35013,35013001805
New Mexico,Doña Ana County,35013,35013001806
New Mexico,Eddy County,35015,35015001000
New Mexico,Grant County,35017,35017964400
New Mexico,Hidalgo County,35023,35023970200
New Mexico,Lea County,35025,35025000200
New Mexico,Lea County,35025,35025000300
New Mexico,Lea County,35025,35025000400
New Mexico,Luna County,35029,35029000100
New Mexico,Luna County,35029,35029000200
New Mexico,Luna County,35029,35029000300
New Mexico,Luna County,35029,35029000400
New Mexico,Luna County,35029,35029000500
New Mexico,Luna County,35029,35029000600
New Mexico,McKinley County,35031,35031940300
New Mexico,McKinley County,35031,35031940500
New Mexico,McKinley County,35031,35031943500
New Mexico,McKinley County,35031,35031943600
New Mexico,McKinley County,35031,35031943700
New Mexico,McKinley County,35031,35031943800
New Mexico,McKinley County,35031,35031943901
New Mexico,McKinley County,35031,35031943902
New Mexico,McKinley County,35031,35031944000
New Mexico,McKinley County,35031,35031945200
New Mexico,McKinley County,35031,35031945300
New Mexico,McKinley County,35031,35031945600
New Mexico,McKinley County,35031,35031945700
New Mexico,McKinley County,35031,35031946000
New Mexico,Otero County,35035,35035000100
New Mexico,Otero County,35035,35035000902
New Mexico,Otero County,35035,35035940000
New Mexico,Quay County,35037,35037958602
New Mexico,Rio Arriba County,35039,35039940700
New Mexico,Rio Arriba County,35039,35039941000
New Mexico,Rio Arriba County,35039,35039944100
New Mexico,Roosevelt County,35041,35041000100
New Mexico,Roosevelt County,35041,35041000200
New Mexico,Sandoval County,35043,35043010900
New Mexico,Sandoval County,35043,35043940200
New Mexico,Sandoval County,35043,35043940700
New Mexico,Sandoval County,35043,35043940900
New Mexico,San Juan County,35045,35045942801
New Mexico,San Juan County,35045,35045942802
New Mexico,San Juan County,35045,35045942803
New Mexico,San Juan County,35045,35045942900
New Mexico,San Juan County,35045,35045943100
New Mexico,San Juan County,35045,35045943201
New Mexico,San Miguel County,35047,35047957200
New Mexico,San Miguel County,35047,35047957300
New Mexico,San Miguel County,35047,35047957400
New Mexico,San Miguel County,35047,35047957500
New Mexico,San Miguel County,35047,35047957800
New Mexico,Santa Fe County,35049,35049001002
New Mexico,Sierra County,35051,35051962200
New Mexico,Socorro County,35053,35053940000
New Mexico,Socorro County,35053,35053978100
New Mexico,Socorro County,35053,35053978301
New Mexico,Socorro County,35053,35053978302
New Mexico,Socorro County,35053,35053978303
New Mexico,Taos County,35055,35055940000
New Mexico,Torrance County,35057,35057963700
New York,Albany County,36001,36001000200
New York,Albany County,36001,36001000501
New York,Albany County,36001,36001000600
New York,Albany County,36001,36001000700
New York,Albany County,36001,36001000800
New York,Albany County,36001,36001001100
New York,Albany County,36001,36001001500
New York,Albany County,36001,36001002100
New York,Albany County,36001,36001002500
New York,Albany County,36001,36001012900
New York,Bronx County,36005,36005001900
New York,Bronx County,36005,36005002000
New York,Bronx County,36005,36005002300
New York,Bronx County,36005,36005002500
New York,Bronx County,36005,36005002701
New York,Bronx County,36005,36005002702
New York,Bronx County,36005,36005003300
New York,Bronx County,36005,36005003500
New York,Bronx County,36005,36005003700
New York,Bronx County,36005,36005003900
New York,Bronx County,36005,36005004100
New York,Bronx County,36005,36005004300
New York,Bronx County,36005,36005004400
New York,Bronx County,36005,36005004800
New York,Bronx County,36005,36005005001
New York,Bronx County,36005,36005005002
New York,Bronx County,36005,36005005100
New York,Bronx County,36005,36005005200
New York,Bronx County,36005,36005005300
New York,Bronx County,36005,36005005400
New York,Bronx County,36005,36005005600
New York,Bronx County,36005,36005005902
New York,Bronx County,36005,36005006200
New York,Bronx County,36005,36005006300
New York,Bronx County,36005,36005006500
New York,Bronx County,36005,36005006700
New York,Bronx County,36005,36005006900
New York,Bronx County,36005,36005007100
New York,Bronx County,36005,36005007300
New York,Bronx County,36005,36005007500
New York,Bronx County,36005,36005007600
New York,Bronx County,36005,36005007900
New York,Bronx County,36005,36005008300
New York,Bronx County,36005,36005008500
New York,Bronx County,36005,36005008600
New York,Bronx County,36005,36005008700
New York,Bronx County,36005,36005008900
New York,Bronx County,36005,36005009000
New York,Bronx County,36005,36005011502
New York,Bronx County,36005,36005011700
New York,Bronx County,36005,36005011900
New York,Bronx County,36005,36005012101
New York,Bronx County,36005,36005012102
New York,Bronx County,36005,36005012300
New York,Bronx County,36005,36005012500
New York,Bronx County,36005,36005012701
New York,Bronx County,36005,36005012901
New York,Bronx County,36005,36005013100
New York,Bronx County,36005,36005013300
New York,Bronx County,36005,36005013500
New York,Bronx County,36005,36005014100
New York,Bronx County,36005,36005014300
New York,Bronx County,36005,36005014400
New York,Bronx County,36005,36005014500
New York,Bronx County,36005,36005014701
New York,Bronx County,36005,36005014702
New York,Bronx County,36005,36005014900
New York,Bronx County,36005,36005015100
New York,Bronx County,36005,36005015300
New York,Bronx County,36005,36005015500
New York,Bronx County,36005,36005015700
New York,Bronx County,36005,36005015900
New York,Bronx County,36005,36005016100
New York,Bronx County,36005,36005016500
New York,Bronx County,36005,36005016700
New York,Bronx County,36005,36005016900
New York,Bronx County,36005,36005017300
New York,Bronx County,36005,36005017500
New York,Bronx County,36005,36005017701
New York,Bronx County,36005,36005017702
New York,Bronx County,36005,36005017901
New York,Bronx County,36005,36005017902
New York,Bronx County,36005,36005018101
New York,Bronx County,36005,36005018102
New York,Bronx County,36005,36005018301
New York,Bronx County,36005,36005018302
New York,Bronx County,36005,36005018500
New York,Bronx County,36005,36005018900
New York,Bronx County,36005,36005019300
New York,Bronx County,36005,36005019700
New York,Bronx County,36005,36005019900
New York,Bronx County,36005,36005020000
New York,Bronx County,36005,36005020100
New York,Bronx County,36005,36005020501
New York,Bronx County,36005,36005020502
New York,Bronx County,36005,36005020900
New York,Bronx County,36005,36005021100
New York,Bronx County,36005,36005021301
New York,Bronx County,36005,36005021302
New York,Bronx County,36005,36005021501
New York,Bronx County,36005,36005021502
New York,Bronx County,36005,36005021601
New York,Bronx County,36005,36005021700
New York,Bronx County,36005,36005021800
New York,Bronx County,36005,36005021900
New York,Bronx County,36005,36005022000
New York,Bronx County,36005,36005022101
New York,Bronx County,36005,36005022102
New York,Bronx County,36005,36005022300
New York,Bronx County,36005,36005022500
New York,Bronx County,36005,36005022701
New York,Bronx County,36005,36005022703
New York,Bronx County,36005,36005022901
New York,Bronx County,36005,36005022902
New York,Bronx County,36005,36005023100
New York,Bronx County,36005,36005023301
New York,Bronx County,36005,36005023302
New York,Bronx County,36005,36005023501
New York,Bronx County,36005,36005023502
New York,Bronx County,36005,36005023702
New York,Bronx County,36005,36005023703
New York,Bronx County,36005,36005023704
New York,Bronx County,36005,36005023900
New York,Bronx County,36005,36005024100
New York,Bronx County,36005,36005024300
New York,Bronx County,36005,36005024501
New York,Bronx County,36005,36005024502
New York,Bronx County,36005,36005025100
New York,Bronx County,36005,36005025300
New York,Bronx County,36005,36005025500
New York,Bronx County,36005,36005026300
New York,Bronx County,36005,36005026500
New York,Bronx County,36005,36005026701
New York,Bronx County,36005,36005026702
New York,Bronx County,36005,36005027300
New York,Bronx County,36005,36005027700
New York,Bronx County,36005,36005028300
New York,Bronx County,36005,36005033600
New York,Bronx County,36005,36005035900
New York,Bronx County,36005,36005036100
New York,Bronx County,36005,36005036300
New York,Bronx County,36005,36005036501
New York,Bronx County,36005,36005036502
New York,Bronx County,36005,36005036700
New York,Bronx County,36005,36005036901
New York,Bronx County,36005,36005036902
New York,Bronx County,36005,36005037100
New York,Bronx County,36005,36005037300
New York,Bronx County,36005,36005037400
New York,Bronx County,36005,36005037504
New York,Bronx County,36005,36005037900
New York,Bronx County,36005,36005038100
New York,Bronx County,36005,36005038301
New York,Bronx County,36005,36005038302
New York,Bronx County,36005,36005038500
New York,Bronx County,36005,36005038700
New York,Bronx County,36005,36005038900
New York,Bronx County,36005,36005039100
New York,Bronx County,36005,36005039300
New York,Bronx County,36005,36005039500
New York,Bronx County,36005,36005039700
New York,Bronx County,36005,36005039901
New York,Bronx County,36005,36005039902
New York,Bronx County,36005,36005040100
New York,Bronx County,36005,36005040302
New York,Bronx County,36005,36005040303
New York,Bronx County,36005,36005040304
New York,Bronx County,36005,36005040501
New York,Bronx County,36005,36005040502
New York,Bronx County,36005,36005040701
New York,Bronx County,36005,36005040702
New York,Bronx County,36005,36005042100
New York,Bronx County,36005,36005042300
New York,Bronx County,36005,36005042902
New York,Bronx County,36005,36005043100
New York,Bronx County,36005,36005045800
New York,Bronx County,36005,36005046000
New York,Broome County,36007,36007000100
New York,Broome County,36007,36007000300
New York,Broome County,36007,36007000500
New York,Broome County,36007,36007000600
New York,Broome County,36007,36007001100
New York,Broome County,36007,36007001200
New York,Broome County,36007,36007001300
New York,Broome County,36007,36007001400
New York,Broome County,36007,36007013500
New York,Cattaraugus County,36009,36009940000
New York,Cattaraugus County,36009,36009960500
New York,Cattaraugus County,36009,36009961700
New York,Chautauqua County,36013,36013030100
New York,Chautauqua County,36013,36013030300
New York,Chautauqua County,36013,36013030500
New York,Chautauqua County,36013,36013030600
New York,Chautauqua County,36013,36013035400
New York,Chautauqua County,36013,36013035500
New York,Chautauqua County,36013,36013035902
New York,Chemung County,36015,36015000100
New York,Chemung County,36015,36015000600
New York,Chemung County,36015,36015000700
New York,Chemung County,36015,36015001000
New York,Clinton County,36019,36019101300
New York,Clinton County,36019,36019102200
New York,Columbia County,36021,36021001200
New York,Cortland County,36023,36023970900
New York,Dutchess County,36027,36027220201
New York,Erie County,36029,36029000500
New York,Erie County,36029,36029001402
New York,Erie County,36029,36029001500
New York,Erie County,36029,36029001600
New York,Erie County,36029,36029001700
New York,Erie County,36029,36029002502
New York,Erie County,36029,36029002702
New York,Erie County,36029,36029002800
New York,Erie County,36029,36029002900
New York,Erie County,36029,36029003100
New York,Erie County,36029,36029003301
New York,Erie County,36029,36029003302
New York,Erie County,36029,36029003400
New York,Erie County,36029,36029003500
New York,Erie County,36029,36029003600
New York,Erie County,36029,36029004001
New York,Erie County,36029,36029004100
New York,Erie County,36029,36029004402
New York,Erie County,36029,36029004601
New York,Erie County,36029,36029004700
New York,Erie County,36029,36029005202
New York,Erie County,36029,36029005500
New York,Erie County,36029,36029005600
New York,Erie County,36029,36029005700
New York,Erie County,36029,36029005900
New York,Erie County,36029,36029006100
New York,Erie County,36029,36029006800
New York,Erie County,36029,36029006901
New York,Erie County,36029,36029006902
New York,Erie County,36029,36029007000
New York,Erie County,36029,36029007101
New York,Erie County,36029,36029007102
New York,Erie County,36029,36029008300
New York,Erie County,36029,36029016300
New York,Erie County,36029,36029016400
New York,Erie County,36029,36029016500
New York,Erie County,36029,36029016600
New York,Erie County,36029,36029016800
New York,Erie County,36029,36029017100
New York,Erie County,36029,36029017400
New York,Fulton County,36035,36035970700
New York,Jefferson County,36045,36045061300
New York,Jefferson County,36045,36045062100
New York,Kings County,36047,36047000200
New York,Kings County,36047,36047001500
New York,Kings County,36047,36047002300
New York,Kings County,36047,36047002901
New York,Kings County,36047,36047007100
New York,Kings County,36047,36047007200
New York,Kings County,36047,36047007400
New York,Kings County,36047,36047007600
New York,Kings County,36047,36047008200
New York,Kings County,36047,36047008500
New York,Kings County,36047,36047009000
New York,Kings County,36047,36047009200
New York,Kings County,36047,36047009800
New York,Kings County,36047,36047010000
New York,Kings County,36047,36047011200
New York,Kings County,36047,36047011400
New York,Kings County,36047,36047011600
New York,Kings County,36047,36047012000
New York,Kings County,36047,36047012200
New York,Kings County,36047,36047012700
New York,Kings County,36047,36047018501
New York,Kings County,36047,36047021600
New York,Kings County,36047,36047021800
New York,Kings County,36047,36047022000
New York,Kings County,36047,36047022100
New York,Kings County,36047,36047022200
New York,Kings County,36047,36047022400
New York,Kings County,36047,36047022600
New York,Kings County,36047,36047022800
New York,Kings County,36047,36047023000
New York,Kings County,36047,36047023200
New York,Kings County,36047,36047023300
New York,Kings County,36047,36047023400
New York,Kings County,36047,36047023500
New York,Kings County,36047,36047023600
New York,Kings County,36047,36047023800
New York,Kings County,36047,36047024000
New York,Kings County,36047,36047024100
New York,Kings County,36047,36047024700
New York,Kings County,36047,36047025100
New York,Kings County,36047,36047025500
New York,Kings County,36047,36047025901
New York,Kings County,36047,36047025902
New York,Kings County,36047,36047026100
New York,Kings County,36047,36047026300
New York,Kings County,36047,36047026900
New York,Kings County,36047,36047027700
New York,Kings County,36047,36047028100
New York,Kings County,36047,36047028300
New York,Kings County,36047,36047028501
New York,Kings County,36047,36047028502
New York,Kings County,36047,36047028700
New York,Kings County,36047,36047028900
New York,Kings County,36047,36047029900
New York,Kings County,36047,36047030300
New York,Kings County,36047,36047030700
New York,Kings County,36047,36047031100
New York,Kings County,36047,36047031300
New York,Kings County,36047,36047032600
New York,Kings County,36047,36047033000
New York,Kings County,36047,36047034000
New York,Kings County,36047,36047034200
New York,Kings County,36047,36047034300
New York,Kings County,36047,36047034700
New York,Kings County,36047,36047034900
New York,Kings County,36047,36047035200
New York,Kings County,36047,36047035700
New York,Kings County,36047,36047035900
New York,Kings County,36047,36047036001
New York,Kings County,36047,36047036002
New York,Kings County,36047,36047036100
New York,Kings County,36047,36047036200
New York,Kings County,36047,36047036300
New York,Kings County,36047,36047036400
New York,Kings County,36047,36047036501
New York,Kings County,36047,36047036502
New York,Kings County,36047,36047036900
New York,Kings County,36047,36047037300
New York,Kings County,36047,36047038100
New York,Kings County,36047,36047038200
New York,Kings County,36047,36047038300
New York,Kings County,36047,36047038700
New York,Kings County,36047,36047039300
New York,Kings County,36047,36047039500
New York,Kings County,36047,36047039700
New York,Kings County,36047,36047039900
New York,Kings County,36047,36047040100
New York,Kings County,36047,36047040300
New York,Kings County,36047,36047040900
New York,Kings County,36047,36047041100
New York,Kings County,36047,36047041700
New York,Kings County,36047,36047041900
New York,Kings County,36047,36047042100
New York,Kings County,36047,36047042500
New York,Kings County,36047,36047042700
New York,Kings County,36047,36047042900
New York,Kings County,36047,36047043100
New York,Kings County,36047,36047043300
New York,Kings County,36047,36047043400
New York,Kings County,36047,36047043500
New York,Kings County,36047,36047043900
New York,Kings County,36047,36047044100
New York,Kings County,36047,36047044300
New York,Kings County,36047,36047044500
New York,Kings County,36047,36047045300
New York,Kings County,36047,36047046400
New York,Kings County,36047,36047047000
New York,Kings County,36047,36047047200
New York,Kings County,36047,36047047400
New York,Kings County,36047,36047047600
New York,Kings County,36047,36047047800
New York,Kings County,36047,36047048000
New York,Kings County,36047,36047048400
New York,Kings County,36047,36047048600
New York,Kings County,36047,36047048900
New York,Kings County,36047,36047049300
New York,Kings County,36047,36047050500
New York,Kings County,36047,36047050700
New York,Kings County,36047,36047050801
New York,Kings County,36047,36047050803
New York,Kings County,36047,36047050900
New York,Kings County,36047,36047051100
New York,Kings County,36047,36047052300
New York,Kings County,36047,36047052500
New York,Kings County,36047,36047052700
New York,Kings County,36047,36047052900
New York,Kings County,36047,36047053100
New York,Kings County,36047,36047053300
New York,Kings County,36047,36047053500
New York,Kings County,36047,36047053700
New York,Kings County,36047,36047053900
New York,Kings County,36047,36047054500
New York,Kings County,36047,36047054700
New York,Kings County,36047,36047054900
New York,Kings County,36047,36047057200
New York,Kings County,36047,36047057900
New York,Kings County,36047,36047061003
New York,Kings County,36047,36047076200
New York,Kings County,36047,36047078800
New York,Kings County,36047,36047080600
New York,Kings County,36047,36047087401
New York,Kings County,36047,36047089200
New York,Kings County,36047,36047089600
New York,Kings County,36047,36047090000
New York,Kings County,36047,36047090200
New York,Kings County,36047,36047090600
New York,Kings County,36047,36047090800
New York,Kings County,36047,36047091000
New York,Kings County,36047,36047091200
New York,Kings County,36047,36047091600
New York,Kings County,36047,36047091800
New York,Kings County,36047,36047092000
New York,Kings County,36047,36047094402
New York,Kings County,36047,36047098200
New York,Kings County,36047,36047103400
New York,Kings County,36047,36047105801
New York,Kings County,36047,36047105804
New York,Kings County,36047,36047110400
New York,Kings County,36047,36047110600
New York,Kings County,36047,36047111000
New York,Kings County,36047,36047111800
New York,Kings County,36047,36047112200
New York,Kings County,36047,36047112400
New York,Kings County,36047,36047112600
New York,Kings County,36047,36047113400
New York,Kings County,36047,36047114600
New York,Kings County,36047,36047115000
New York,Kings County,36047,36047115200
New York,Kings County,36047,36047115600
New York,Kings County,36047,36047116000
New York,Kings County,36047,36047116200
New York,Kings County,36047,36047116800
New York,Kings County,36047,36047117000
New York,Kings County,36047,36047117201
New York,Kings County,36047,36047118400
New York,Kings County,36047,36047119000
New York,Kings County,36047,36047119200
New York,Kings County,36047,36047119400
New York,Kings County,36047,36047119600
New York,Kings County,36047,36047119800
New York,Kings County,36047,36047120000
New York,Kings County,36047,36047120200
New York,Kings County,36047,36047121000
New York,Kings County,36047,36047121400
New York,Kings County,36047,36047123700
New York,Livingston County,36051,36051030400
New York,Monroe County,36055,36055000200
New York,Monroe County,36055,36055000700
New York,Monroe County,36055,36055001300
New York,Monroe County,36055,36055001500
New York,Monroe County,36055,36055002200
New York,Monroe County,36055,36055002300
New York,Monroe County,36055,36055002700
New York,Monroe County,36055,36055003200
New York,Monroe County,36055,36055003300
New York,Monroe County,36055,36055003900
New York,Monroe County,36055,36055004000
New York,Monroe County,36055,36055004100
New York,Monroe County,36055,36055004602
New York,Monroe County,36055,36055004800
New York,Monroe County,36055,36055004900
New York,Monroe County,36055,36055005000
New York,Monroe County,36055,36055005100
New York,Monroe County,36055,36055005200
New York,Monroe County,36055,36055005300
New York,Monroe County,36055,36055005500
New York,Monroe County,36055,36055005600
New York,Monroe County,36055,36055005700
New York,Monroe County,36055,36055005900
New York,Monroe County,36055,36055006400
New York,Monroe County,36055,36055006500
New York,Monroe County,36055,36055006600
New York,Monroe County,36055,36055006900
New York,Monroe County,36055,36055007500
New York,Monroe County,36055,36055007900
New York,Monroe County,36055,36055008000
New York,Monroe County,36055,36055008400
New York,Monroe County,36055,36055008702
New York,Monroe County,36055,36055009200
New York,Monroe County,36055,36055009301
New York,Monroe County,36055,36055009302
New York,Monroe County,36055,36055009400
New York,Monroe County,36055,36055009601
New York,Monroe County,36055,36055009602
New York,Monroe County,36055,36055009603
New York,Monroe County,36055,36055009604
New York,Monroe County,36055,36055013103
New York,Montgomery County,36057,36057070200
New York,Montgomery County,36057,36057070900
New York,New York County,36061,36061000201
New York,New York County,36061,36061000600
New York,New York County,36061,36061000800
New York,New York County,36061,36061001002
New York,New York County,36061,36061001402
New York,New York County,36061,36061001800
New York,New York County,36061,36061002000
New York,New York County,36061,36061002201
New York,New York County,36061,36061002400
New York,New York County,36061,36061002500
New York,New York County,36061,36061002601
New York,New York County,36061,36061002800
New York,New York County,36061,36061002900
New York,New York County,36061,36061003601
New York,New York County,36061,36061011900
New York,New York County,36061,36061016200
New York,New York County,36061,36061016400
New York,New York County,36061,36061016600
New York,New York County,36061,36061016800
New York,New York County,36061,36061017200
New York,New York County,36061,36061017401
New York,New York County,36061,36061017402
New York,New York County,36061,36061017800
New York,New York County,36061,36061018000
New York,New York County,36061,36061018200
New York,New York County,36061,36061018400
New York,New York County,36061,36061018600
New York,New York County,36061,36061018800
New York,New York County,36061,36061018900
New York,New York County,36061,36061019000
New York,New York County,36061,36061019200
New York,New York County,36061,36061019400
New York,New York County,36061,36061019600
New York,New York County,36061,36061020600
New York,New York County,36061,36061020701
New York,New York County,36061,36061020800
New York,New York County,36061,36061020901
New York,New York County,36061,36061021000
New York,New York County,36061,36061021303
New York,New York County,36061,36061021500
New York,New York County,36061,36061021600
New York,New York County,36061,36061021800
New York,New York County,36061,36061021900
New York,New York County,36061,36061022200
New York,New York County,36061,36061022302
New York,New York County,36061,36061022400
New York,New York County,36061,36061022500
New York,New York County,36061,36061022600
New York,New York County,36061,36061022700
New York,New York County,36061,36061022800
New York,New York County,36061,36061022900
New York,New York County,36061,36061023000
New York,New York County,36061,36061023200
New York,New York County,36061,36061023501
New York,New York County,36061,36061023700
New York,New York County,36061,36061023900
New York,New York County,36061,36061024200
New York,New York County,36061,36061024302
New York,New York County,36061,36061024500
New York,New York County,36061,36061024900
New York,New York County,36061,36061025100
New York,New York County,36061,36061025300
New York,New York County,36061,36061025500
New York,New York County,36061,36061026100
New York,New York County,36061,36061026300
New York,New York County,36061,36061026900
New York,New York County,36061,36061027100
New York,New York County,36061,36061027700
New York,New York County,36061,36061027900
New York,New York County,36061,36061028500
New York,New York County,36061,36061029100
New York,New York County,36061,36061030900
New York,Niagara County,36063,36063020200
New York,Niagara County,36063,36063020500
New York,Niagara County,36063,36063020600
New York,Niagara County,36063,36063020900
New York,Niagara County,36063,36063021100
New York,Niagara County,36063,36063021200
New York,Niagara County,36063,36063021300
New York,Niagara County,36063,36063023700
New York,Oneida County,36065,36065020102
New York,Oneida County,36065,36065020300
New York,Oneida County,36065,36065020802
New York,Oneida County,36065,36065020803
New York,Oneida County,36065,36065020900
New York,Oneida County,36065,36065021000
New York,Oneida County,36065,36065021101
New York,Oneida County,36065,36065021102
New York,Oneida County,36065,36065021103
New York,Oneida County,36065,36065021201
New York,Oneida County,36065,36065021500
New York,Oneida County,36065,36065021900
New York,Oneida County,36065,36065026400
New York,Onondaga County,36067,36067000501
New York,Onondaga County,36067,36067000600
New York,Onondaga County,36067,36067002101
New York,Onondaga County,36067,36067002300
New York,Onondaga County,36067,36067003000
New York,Onondaga County,36067,36067003200
New York,Onondaga County,36067,36067003400
New York,Onondaga County,36067,36067003500
New York,Onondaga County,36067,36067003601
New York,Onondaga County,36067,36067003800
New York,Onondaga County,36067,36067003900
New York,Onondaga County,36067,36067004000
New York,Onondaga County,36067,36067004200
New York,Onondaga County,36067,36067004301
New York,Onondaga County,36067,36067004302
New York,Onondaga County,36067,36067004400
New York,Onondaga County,36067,36067004500
New York,Onondaga County,36067,36067005200
New York,Onondaga County,36067,36067005300
New York,Onondaga County,36067,36067005400
New York,Onondaga County,36067,36067005602
New York,Onondaga County,36067,36067005800
New York,Onondaga County,36067,36067005900
New York,Ontario County,36069,36069051700
New York,Ontario County,36069,36069051800
New York,Orange County,36071,36071000400
New York,Orange County,36071,36071000501
New York,Orange County,36071,36071000502
New York,Orange County,36071,36071015003
New York,Orange County,36071,36071015004
New York,Orange County,36071,36071015005
New York,Orange County,36071,36071015006
New York,Orange County,36071,36071015100
New York,Oswego County,36075,36075021101
New York,Oswego County,36075,36075021601
New York,Oswego County,36075,36075021602
New York,Otsego County,36077,36077591000
New York,Otsego County,36077,36077591100
New York,Queens County,36081,36081002500
New York,Queens County,36081,36081004300
New York,Queens County,36081,36081008700
New York,Queens County,36081,36081016300
New York,Queens County,36081,36081017900
New York,Queens County,36081,36081027800
New York,Queens County,36081,36081040700
New York,Queens County,36081,36081040900
New York,Queens County,36081,36081087100
New York,Queens County,36081,36081097202
New York,Queens County,36081,36081097203
New York,Queens County,36081,36081103201
New York,Queens County,36081,36081156700
New York,Rensselaer County,36083,36083040400
New York,Rensselaer County,36083,36083040600
New York,Rensselaer County,36083,36083040700
New York,Richmond County,36085,36085000700
New York,Richmond County,36085,36085002900
New York,Richmond County,36085,36085004000
New York,Richmond County,36085,36085013301
New York,Richmond County,36085,36085031901
New York,Rockland County,36087,36087011505
New York,Rockland County,36087,36087011506
New York,Rockland County,36087,36087012102
New York,Rockland County,36087,36087012105
New York,Rockland County,36087,36087012106
New York,St. Lawrence County,36089,36089490800
New York,St. Lawrence County,36089,36089490900
New York,St. Lawrence County,36089,36089491100
New York,Schenectady County,36093,36093020300
New York,Schenectady County,36093,36093020900
New York,Schenectady County,36093,36093021002
New York,Schenectady County,36093,36093021700
New York,Sullivan County,36105,36105950900
New York,Tompkins County,36109,36109000100
New York,Tompkins County,36109,36109000200
New York,Tompkins County,36109,36109000700
New York,Tompkins County,36109,36109000800
New York,Tompkins County,36109,36109001100
New York,Tompkins County,36109,36109001300
New York,Ulster County,36111,36111953500
New York,Westchester County,36119,36119000103
New York,Westchester County,36119,36119000300
New York,Westchester County,36119,36119000500
New York,Westchester County,36119,36119001000
New York,Westchester County,36119,36119001101
New York,Westchester County,36119,36119003200
New York,Westchester County,36119,36119014300
New York,Westchester County,36119,36119981000
North Carolina,Ashe County,37009,37009970300
North Carolina,Beaufort County,37013,37013930300
North Carolina,Beaufort County,37013,37013930400
North Carolina,Bertie County,37015,37015960200
North Carolina,Bertie County,37015,37015960300
North Carolina,Bertie County,37015,37015960400
North Carolina,Bladen County,37017,37017950400
North Carolina,Bladen County,37017,37017950600
North Carolina,Buncombe County,37021,37021000100
North Carolina,Buncombe County,37021,37021000300
North Carolina,Buncombe County,37021,37021000900
North Carolina,Buncombe County,37021,37021001000
North Carolina,Caldwell County,37027,37027030100
North Carolina,Catawba County,37035,37035010900
North Carolina,Chowan County,37041,37041930101
North Carolina,Cleveland County,37045,37045950900
North Carolina,Columbus County,37047,37047930700
North Carolina,Columbus County,37047,37047930900
North Carolina,Columbus County,37047,37047931100
North Carolina,Columbus County,37047,37047931200
North Carolina,Craven County,37049,37049960800
North Carolina,Craven County,37049,37049960900
North Carolina,Cumberland County,37051,37051000200
North Carolina,Cumberland County,37051,37051001000
North Carolina,Cumberland County,37051,37051001200
North Carolina,Cumberland County,37051,37051002200
North Carolina,Cumberland County,37051,37051002401
North Carolina,Cumberland County,37051,37051002402
North Carolina,Cumberland County,37051,37051003500
North Carolina,Cumberland County,37051,37051003800
North Carolina,Davidson County,37057,37057061400
North Carolina,Duplin County,37061,37061090801
North Carolina,Durham County,37063,37063000500
North Carolina,Durham County,37063,37063000900
North Carolina,Durham County,37063,37063001001
North Carolina,Durham County,37063,37063001002
North Carolina,Durham County,37063,37063001100
North Carolina,Durham County,37063,37063001301
North Carolina,Durham County,37063,37063001304
North Carolina,Durham County,37063,37063001400
North Carolina,Durham County,37063,37063001501
North Carolina,Durham County,37063,37063001502
North Carolina,Durham County,37063,37063002200
North Carolina,Edgecombe County,37065,37065020200
North Carolina,Edgecombe County,37065,37065020400
North Carolina,Forsyth County,37067,37067000200
North Carolina,Forsyth County,37067,37067000301
North Carolina,Forsyth County,37067,37067000400
North Carolina,Forsyth County,37067,37067000500
North Carolina,Forsyth County,37067,37067000600
North Carolina,Forsyth County,37067,37067000700
North Carolina,Forsyth County,37067,37067000801
North Carolina,Forsyth County,37067,37067000802
North Carolina,Forsyth County,37067,37067000900
North Carolina,Forsyth County,37067,37067001602
North Carolina,Forsyth County,37067,37067001700
North Carolina,Gaston County,37071,37071031800
North Carolina,Gaston County,37071,37071031900
North Carolina,Gaston County,37071,37071032000
North Carolina,Graham County,37075,37075920300
North Carolina,Granville County,37077,37077970400
North Carolina,Greene County,37079,37079950102
North Carolina,Guilford County,37081,37081010702
North Carolina,Guilford County,37081,37081011000
North Carolina,Guilford County,37081,37081011101
North Carolina,Guilford County,37081,37081011200
North Carolina,Guilford County,37081,37081011400
North Carolina,Guilford County,37081,37081013800
North Carolina,Guilford County,37081,37081013900
North Carolina,Guilford County,37081,37081014300
North Carolina,Guilford County,37081,37081014408
North Carolina,Halifax County,37083,37083930100
North Carolina,Halifax County,37083,37083930501
North Carolina,Halifax County,37083,37083930502
North Carolina,Halifax County,37083,37083930600
North Carolina,Halifax County,37083,37083930800
North Carolina,Halifax County,37083,37083930900
North Carolina,Halifax County,37083,37083931100
North Carolina,Harnett County,37085,37085070100
North Carolina,Harnett County,37085,37085070200
North Carolina,Henderson County,37089,37089931200
North Carolina,Hoke County,37093,37093970202
North Carolina,Hoke County,37093,37093970401
North Carolina,Hoke County,37093,37093970402
North Carolina,Iredell County,37097,37097060200
North Carolina,Iredell County,37097,37097060400
North Carolina,Johnston County,37101,37101040301
North Carolina,Lee County,37105,37105030200
North Carolina,Lee County,37105,37105030300
North Carolina,Lenoir County,37107,37107010200
North Carolina,Lenoir County,37107,37107010300
North Carolina,Lenoir County,37107,37107010400
North Carolina,Lenoir County,37107,37107010500
North Carolina,Lenoir County,37107,37107010700
North Carolina,Martin County,37117,37117970200
North Carolina,Martin County,37117,37117970600
North Carolina,Mecklenburg County,37119,37119000300
North Carolina,Mecklenburg County,37119,37119000800
North Carolina,Mecklenburg County,37119,37119002300
North Carolina,Mecklenburg County,37119,37119003600
North Carolina,Mecklenburg County,37119,37119003700
North Carolina,Mecklenburg County,37119,37119003902
North Carolina,Mecklenburg County,37119,37119003903
North Carolina,Mecklenburg County,37119,37119004200
North Carolina,Mecklenburg County,37119,37119004500
North Carolina,Mecklenburg County,37119,37119004600
North Carolina,Mecklenburg County,37119,37119004700
North Carolina,Mecklenburg County,37119,37119004800
North Carolina,Mecklenburg County,37119,37119005100
North Carolina,Mecklenburg County,37119,37119005200
North Carolina,Mecklenburg County,37119,37119005604
North Carolina,Nash County,37127,37127010200
North Carolina,New Hanover County,37129,37129010100
North Carolina,New Hanover County,37129,37129010300
North Carolina,New Hanover County,37129,37129010800
North Carolina,New Hanover County,37129,37129011000
North Carolina,New Hanover County,37129,37129011100
North Carolina,New Hanover County,37129,37129011200
North Carolina,New Hanover County,37129,37129011300
North Carolina,New Hanover County,37129,37129011400
North Carolina,Northampton County,37131,37131920200
North Carolina,Onslow County,37133,37133002600
North Carolina,Orange County,37135,37135011300
North Carolina,Orange County,37135,37135011400
North Carolina,Orange County,37135,37135011700
North Carolina,Pasquotank County,37139,37139960100
North Carolina,Pasquotank County,37139,37139960300
North Carolina,Pitt County,37147,37147000100
North Carolina,Pitt County,37147,37147000201
North Carolina,Pitt County,37147,37147000202
North Carolina,Pitt County,37147,37147000701
North Carolina,Pitt County,37147,37147000702
North Carolina,Pitt County,37147,37147000800
North Carolina,Pitt County,37147,37147001401
North Carolina,Pitt County,37147,37147002001
North Carolina,Randolph County,37151,37151030302
North Carolina,Richmond County,37153,37153970600
North Carolina,Richmond County,37153,37153971000
North Carolina,Robeson County,37155,37155960101
North Carolina,Robeson County,37155,37155960201
North Carolina,Robeson County,37155,37155960202
North Carolina,Robeson County,37155,37155960300
North Carolina,Robeson County,37155,37155960501
North Carolina,Robeson County,37155,37155960502
North Carolina,Robeson County,37155,37155960503
North Carolina,Robeson County,37155,37155960600
North Carolina,Robeson County,37155,37155960801
North Carolina,Robeson County,37155,37155960802
North Carolina,Robeson County,37155,37155961100
North Carolina,Robeson County,37155,37155961700
North Carolina,Robeson County,37155,37155961900
North Carolina,Robeson County,37155,37155962001
North Carolina,Robeson County,37155,37155962002
North Carolina,Rowan County,37159,37159050400
North Carolina,Rowan County,37159,37159050800
North Carolina,Rutherford County,37161,37161960800
North Carolina,Sampson County,37163,37163970100
North Carolina,Sampson County,37163,37163970600
North Carolina,Scotland County,37165,37165010200
North Carolina,Scotland County,37165,37165010300
North Carolina,Stanly County,37167,37167931202
North Carolina,Vance County,37181,37181960500
North Carolina,Vance County,37181,37181960600
North Carolina,Vance County,37181,37181960700
North Carolina,Wake County,37183,37183050600
North Carolina,Wake County,37183,37183050700
North Carolina,Wake County,37183,37183050800
North Carolina,Wake County,37183,37183050900
North Carolina,Wake County,37183,37183051101
North Carolina,Wake County,37183,37183051102
North Carolina,Wake County,37183,37183052001
North Carolina,Wake County,37183,37183052408
North Carolina,Wake County,37183,37183052409
North Carolina,Warren County,37185,37185950200
North Carolina,Warren County,37185,37185950300
North Carolina,Warren County,37185,37185950400
North Carolina,Washington County,37187,37187950200
North Carolina,Watauga County,37189,37189920400
North Carolina,Watauga County,37189,37189920500
North Carolina,Watauga County,37189,37189920601
North Carolina,Watauga County,37189,37189920602
North Carolina,Wayne County,37191,37191001400
North Carolina,Wayne County,37191,37191001500
North Carolina,Wayne County,37191,37191001800
North Carolina,Wayne County,37191,37191002000
North Carolina,Wilson County,37195,37195000100
North Carolina,Wilson County,37195,37195000200
North Carolina,Wilson County,37195,37195000700
North Carolina,Wilson County,37195,37195000801
North Carolina,Wilson County,37195,37195000802
North Dakota,Benson County,38005,38005940100
North Dakota,Benson County,38005,38005940200
North Dakota,Cass County,38017,38017000502
North Dakota,Cass County,38017,38017000600
North Dakota,Cass County,38017,38017000700
North Dakota,Grand Forks County,38035,38035010300
North Dakota,McKenzie County,38053,38053940100
North Dakota,Rolette County,38079,38079941800
North Dakota,Rolette County,38079,38079951700
North Dakota,Sioux County,38085,38085940800
North Dakota,Sioux County,38085,38085940900
Ohio,Adams County,39001,39001770100
Ohio,Allen County,39003,39003012200
Ohio,Allen County,39003,39003012700
Ohio,Allen County,39003,39003013300
Ohio,Allen County,39003,39003013400
Ohio,Allen County,39003,39003013600
Ohio,Allen County,39003,39003013700
Ohio,Allen County,39003,39003013800
Ohio,Allen County,39003,39003014100
Ohio,Ashtabula County,39007,39007000601
Ohio,Ashtabula County,39007,39007000701
Ohio,Ashtabula County,39007,39007000703
Ohio,Athens County,39009,39009972600
Ohio,Athens County,39009,39009972700
Ohio,Athens County,39009,39009972800
Ohio,Athens County,39009,39009972900
Ohio,Athens County,39009,39009973000
Ohio,Athens County,39009,39009973101
Ohio,Athens County,39009,39009973400
Ohio,Athens County,39009,39009973901
Ohio,Athens County,39009,39009973902
Ohio,Belmont County,39013,39013011600
Ohio,Belmont County,39013,39013011700
Ohio,Belmont County,39013,39013012000
Ohio,Belmont County,39013,39013012100
Ohio,Butler County,39017,39017000300
Ohio,Butler County,39017,39017010101
Ohio,Butler County,39017,39017010103
Ohio,Butler County,39017,39017013000
Ohio,Butler County,39017,39017013100
Ohio,Butler County,39017,39017014000
Ohio,Butler County,39017,39017014400
Ohio,Butler County,39017,39017014600
Ohio,Clark County,39023,39023000200
Ohio,Clark County,39023,39023000300
Ohio,Clark County,39023,39023000400
Ohio,Clark County,39023,39023000500
Ohio,Clark County,39023,39023000700
Ohio,Clark County,39023,39023000901
Ohio,Clark County,39023,39023001200
Ohio,Columbiana County,39029,39029952100
Ohio,Columbiana County,39029,39029952300
Ohio,Cuyahoga County,39035,39035101101
Ohio,Cuyahoga County,39035,39035101200
Ohio,Cuyahoga County,39035,39035101300
Ohio,Cuyahoga County,39035,39035101501
Ohio,Cuyahoga County,39035,39035101603
Ohio,Cuyahoga County,39035,39035101700
Ohio,Cuyahoga County,39035,39035101800
Ohio,Cuyahoga County,39035,39035101901
Ohio,Cuyahoga County,39035,39035102402
Ohio,Cuyahoga County,39035,39035102700
Ohio,Cuyahoga County,39035,39035102800
Ohio,Cuyahoga County,39035,39035102900
Ohio,Cuyahoga County,39035,39035103300
Ohio,Cuyahoga County,39035,39035103400
Ohio,Cuyahoga County,39035,39035103602
Ohio,Cuyahoga County,39035,39035103800
Ohio,Cuyahoga County,39035,39035103900
Ohio,Cuyahoga County,39035,39035104100
Ohio,Cuyahoga County,39035,39035104600
Ohio,Cuyahoga County,39035,39035104800
Ohio,Cuyahoga County,39035,39035104900
Ohio,Cuyahoga County,39035,39035105100
Ohio,Cuyahoga County,39035,39035105400
Ohio,Cuyahoga County,39035,39035105500
Ohio,Cuyahoga County,39035,39035107701
Ohio,Cuyahoga County,39035,39035107802
Ohio,Cuyahoga County,39035,39035108400
Ohio,Cuyahoga County,39035,39035108701
Ohio,Cuyahoga County,39035,39035109301
Ohio,Cuyahoga County,39035,39035109701
Ohio,Cuyahoga County,39035,39035109801
Ohio,Cuyahoga County,39035,39035110501
Ohio,Cuyahoga County,39035,39035110801
Ohio,Cuyahoga County,39035,39035111202
Ohio,Cuyahoga County,39035,39035111401
Ohio,Cuyahoga County,39035,39035111500
Ohio,Cuyahoga County,39035,39035111600
Ohio,Cuyahoga County,39035,39035111700
Ohio,Cuyahoga County,39035,39035111800
Ohio,Cuyahoga County,39035,39035111902
Ohio,Cuyahoga County,39035,39035112100
Ohio,Cuyahoga County,39035,39035112200
Ohio,Cuyahoga County,39035,39035112301
Ohio,Cuyahoga County,39035,39035112600
Ohio,Cuyahoga County,39035,39035112800
Ohio,Cuyahoga County,39035,39035113101
Ohio,Cuyahoga County,39035,39035113500
Ohio,Cuyahoga County,39035,39035113600
Ohio,Cuyahoga County,39035,39035113801
Ohio,Cuyahoga County,39035,39035114100
Ohio,Cuyahoga County,39035,39035114300
Ohio,Cuyahoga County,39035,39035114501
Ohio,Cuyahoga County,39035,39035114700
Ohio,Cuyahoga County,39035,39035114900
Ohio,Cuyahoga County,39035,39035115100
Ohio,Cuyahoga County,39035,39035115200
Ohio,Cuyahoga County,39035,39035115300
Ohio,Cuyahoga County,39035,39035115800
Ohio,Cuyahoga County,39035,39035116100
Ohio,Cuyahoga County,39035,39035116200
Ohio,Cuyahoga County,39035,39035116400
Ohio,Cuyahoga County,39035,39035116500
Ohio,Cuyahoga County,39035,39035116600
Ohio,Cuyahoga County,39035,39035116700
Ohio,Cuyahoga County,39035,39035116800
Ohio,Cuyahoga County,39035,39035116900
Ohio,Cuyahoga County,39035,39035117201
Ohio,Cuyahoga County,39035,39035117300
Ohio,Cuyahoga County,39035,39035117900
Ohio,Cuyahoga County,39035,39035118101
Ohio,Cuyahoga County,39035,39035118200
Ohio,Cuyahoga County,39035,39035118301
Ohio,Cuyahoga County,39035,39035118500
Ohio,Cuyahoga County,39035,39035118602
Ohio,Cuyahoga County,39035,39035118700
Ohio,Cuyahoga County,39035,39035118800
Ohio,Cuyahoga County,39035,39035118900
Ohio,Cuyahoga County,39035,39035119300
Ohio,Cuyahoga County,39035,39035119402
Ohio,Cuyahoga County,39035,39035119502
Ohio,Cuyahoga County,39035,39035119600
Ohio,Cuyahoga County,39035,39035119702
Ohio,Cuyahoga County,39035,39035119900
Ohio,Cuyahoga County,39035,39035120200
Ohio,Cuyahoga County,39035,39035120400
Ohio,Cuyahoga County,39035,39035120500
Ohio,Cuyahoga County,39035,39035120600
Ohio,Cuyahoga County,39035,39035120701
Ohio,Cuyahoga County,39035,39035121100
Ohio,Cuyahoga County,39035,39035121300
Ohio,Cuyahoga County,39035,39035121401
Ohio,Cuyahoga County,39035,39035123800
Ohio,Cuyahoga County,39035,39035127501
Ohio,Cuyahoga County,39035,39035141100
Ohio,Cuyahoga County,39035,39035150100
Ohio,Cuyahoga County,39035,39035150300
Ohio,Cuyahoga County,39035,39035150400
Ohio,Cuyahoga County,39035,39035151100
Ohio,Cuyahoga County,39035,39035151300
Ohio,Cuyahoga County,39035,39035151400
Ohio,Cuyahoga County,39035,39035151500
Ohio,Cuyahoga County,39035,39035151600
Ohio,Cuyahoga County,39035,39035151700
Ohio,Cuyahoga County,39035,39035151800
Ohio,Cuyahoga County,39035,39035161800
Ohio,Cuyahoga County,39035,39035196400
Ohio,Cuyahoga County,39035,39035196500
Ohio,Franklin County,39049,39049000720
Ohio,Franklin County,39049,39049000730
Ohio,Franklin County,39049,39049000920
Ohio,Franklin County,39049,39049001000
Ohio,Franklin County,39049,39049001110
Ohio,Franklin County,39049,39049001121
Ohio,Franklin County,39049,39049001122
Ohio,Franklin County,39049,39049001200
Ohio,Franklin County,39049,39049001300
Ohio,Franklin County,39049,39049001400
Ohio,Franklin County,39049,39049001500
Ohio,Franklin County,39049,39049001600
Ohio,Franklin County,39049,39049001700
Ohio,Franklin County,39049,39049001810
Ohio,Franklin County,39049,39049002520
Ohio,Franklin County,39049,39049002600
Ohio,Franklin County,39049,39049002710
Ohio,Franklin County,39049,39049002750
Ohio,Franklin County,39049,39049002800
Ohio,Franklin County,39049,39049002900
Ohio,Franklin County,39049,39049003700
Ohio,Franklin County,39049,39049003800
Ohio,Franklin County,39049,39049004000
Ohio,Franklin County,39049,39049004200
Ohio,Franklin County,39049,39049004300
Ohio,Franklin County,39049,39049004700
Ohio,Franklin County,39049,39049004900
Ohio,Franklin County,39049,39049005000
Ohio,Franklin County,39049,39049005100
Ohio,Franklin County,39049,39049005300
Ohio,Franklin County,39049,39049005410
Ohio,Franklin County,39049,39049005420
Ohio,Franklin County,39049,39049005500
Ohio,Franklin County,39049,39049005610
Ohio,Franklin County,39049,39049005620
Ohio,Franklin County,39049,39049005900
Ohio,Franklin County,39049,39049006000
Ohio,Franklin County,39049,39049006100
Ohio,Franklin County,39049,39049007511
Ohio,Franklin County,39049,39049007520
Ohio,Franklin County,39049,39049007534
Ohio,Franklin County,39049,39049007551
Ohio,Franklin County,39049,39049007820
Ohio,Franklin County,39049,39049008730
Ohio,Gallia County,39053,39053953700
Ohio,Greene County,39057,39057200104
Ohio,Greene County,39057,39057200700
Ohio,Greene County,39057,39057240302
Ohio,Greene County,39057,39057240600
Ohio,Guernsey County,39059,39059977300
Ohio,Guernsey County,39059,39059977600
Ohio,Hamilton County,39061,39061000200
Ohio,Hamilton County,39061,39061000900
Ohio,Hamilton County,39061,39061001100
Ohio,Hamilton County,39061,39061001600
Ohio,Hamilton County,39061,39061001700
Ohio,Hamilton County,39061,39061002200
Ohio,Hamilton County,39061,39061002300
Ohio,Hamilton County,39061,39061002500
Ohio,Hamilton County,39061,39061002600
Ohio,Hamilton County,39061,39061002700
Ohio,Hamilton County,39061,39061002800
Ohio,Hamilton County,39061,39061002900
Ohio,Hamilton County,39061,39061003000
Ohio,Hamilton County,39061,39061003200
Ohio,Hamilton County,39061,39061003300
Ohio,Hamilton County,39061,39061003600
Ohio,Hamilton County,39061,39061003700
Ohio,Hamilton County,39061,39061003800
Ohio,Hamilton County,39061,39061003900
Ohio,Hamilton County,39061,39061006600
Ohio,Hamilton County,39061,39061006800
Ohio,Hamilton County,39061,39061006900
Ohio,Hamilton County,39061,39061007700
Ohio,Hamilton County,39061,39061008000
Ohio,Hamilton County,39061,39061008502
Ohio,Hamilton County,39061,39061008601
Ohio,Hamilton County,39061,39061008800
Ohio,Hamilton County,39061,39061009200
Ohio,Hamilton County,39061,39061009300
Ohio,Hamilton County,39061,39061009400
Ohio,Hamilton County,39061,39061009500
Ohio,Hamilton County,39061,39061022700
Ohio,Hamilton County,39061,39061026300
Ohio,Hamilton County,39061,39061026400
Ohio,Hamilton County,39061,39061026500
Ohio,Hamilton County,39061,39061026700
Ohio,Hamilton County,39061,39061026900
Ohio,Hamilton County,39061,39061027000
Ohio,Hamilton County,39061,39061027200
Ohio,Jefferson County,39081,39081000200
Ohio,Jefferson County,39081,39081000400
Ohio,Jefferson County,39081,39081000800
Ohio,Jefferson County,39081,39081001300
Ohio,Jefferson County,39081,39081011200
Ohio,Lawrence County,39087,39087050300
Ohio,Lawrence County,39087,39087050400
Ohio,Lawrence County,39087,39087050700
Ohio,Licking County,39089,39089759000
Ohio,Lorain County,39093,39093022400
Ohio,Lorain County,39093,39093022800
Ohio,Lorain County,39093,39093023100
Ohio,Lorain County,39093,39093023200
Ohio,Lorain County,39093,39093023800
Ohio,Lorain County,39093,39093060100
Ohio,Lorain County,39093,39093070800
Ohio,Lorain County,39093,39093070901
Ohio,Lorain County,39093,39093071400
Ohio,Lorain County,39093,39093097300
Ohio,Lucas County,39095,39095000800
Ohio,Lucas County,39095,39095000900
Ohio,Lucas County,39095,39095001100
Ohio,Lucas County,39095,39095001202
Ohio,Lucas County,39095,39095001302
Ohio,Lucas County,39095,39095001400
Ohio,Lucas County,39095,39095001500
Ohio,Lucas County,39095,39095001600
Ohio,Lucas County,39095,39095001700
Ohio,Lucas County,39095,39095001800
Ohio,Lucas County,39095,39095001900
Ohio,Lucas County,39095,39095002000
Ohio,Lucas County,39095,39095002100
Ohio,Lucas County,39095,39095002200
Ohio,Lucas County,39095,39095002300
Ohio,Lucas County,39095,39095002402
Ohio,Lucas County,39095,39095002700
Ohio,Lucas County,39095,39095002800
Ohio,Lucas County,39095,39095002900
Ohio,Lucas County,39095,39095003000
Ohio,Lucas County,39095,39095003200
Ohio,Lucas County,39095,39095003300
Ohio,Lucas County,39095,39095003400
Ohio,Lucas County,39095,39095003600
Ohio,Lucas County,39095,39095003700
Ohio,Lucas County,39095,39095004000
Ohio,Lucas County,39095,39095004200
Ohio,Lucas County,39095,39095004701
Ohio,Lucas County,39095,39095004702
Ohio,Lucas County,39095,39095004800
Ohio,Lucas County,39095,39095005100
Ohio,Lucas County,39095,39095005300
Ohio,Lucas County,39095,39095005400
Ohio,Lucas County,39095,39095006800
Ohio,Lucas County,39095,39095007303
Ohio,Lucas County,39095,39095010300
Ohio,Lucas County,39095,39095010400
Ohio,Mahoning County,39099,39099800300
Ohio,Mahoning County,39099,39099800400
Ohio,Mahoning County,39099,39099800500
Ohio,Mahoning County,39099,39099800600
Ohio,Mahoning County,39099,39099801000
Ohio,Mahoning County,39099,39099801600
Ohio,Mahoning County,39099,39099801700
Ohio,Mahoning County,39099,39099802100
Ohio,Mahoning County,39099,39099802300
Ohio,Mahoning County,39099,39099802400
Ohio,Mahoning County,39099,39099802500
Ohio,Mahoning County,39099,39099804000
Ohio,Mahoning County,39099,39099804300
Ohio,Mahoning County,39099,39099810300
Ohio,Mahoning County,39099,39099813700
Ohio,Mahoning County,39099,39099813800
Ohio,Mahoning County,39099,39099813900
Ohio,Mahoning County,39099,39099814000
Ohio,Mahoning County,39099,39099814100
Ohio,Marion County,39101,39101000100
Ohio,Marion County,39101,39101000200
Ohio,Marion County,39101,39101000900
Ohio,Meigs County,39105,39105964300
Ohio,Meigs County,39105,39105964400
Ohio,Meigs County,39105,39105964500
Ohio,Montgomery County,39113,39113000200
Ohio,Montgomery County,39113,39113000300
Ohio,Montgomery County,39113,39113000400
Ohio,Montgomery County,39113,39113000700
Ohio,Montgomery County,39113,39113000900
Ohio,Montgomery County,39113,39113001000
Ohio,Montgomery County,39113,39113001200
Ohio,Montgomery County,39113,39113001501
Ohio,Montgomery County,39113,39113001700
Ohio,Montgomery County,39113,39113001800
Ohio,Montgomery County,39113,39113001900
Ohio,Montgomery County,39113,39113002000
Ohio,Montgomery County,39113,39113002200
Ohio,Montgomery County,39113,39113002300
Ohio,Montgomery County,39113,39113003402
Ohio,Montgomery County,39113,39113003403
Ohio,Montgomery County,39113,39113003404
Ohio,Montgomery County,39113,39113003500
Ohio,Montgomery County,39113,39113003800
Ohio,Montgomery County,39113,39113003900
Ohio,Montgomery County,39113,39113004100
Ohio,Montgomery County,39113,39113004200
Ohio,Montgomery County,39113,39113004300
Ohio,Montgomery County,39113,39113004600
Ohio,Montgomery County,39113,39113060300
Ohio,Montgomery County,39113,39113070201
Ohio,Montgomery County,39113,39113070202
Ohio,Montgomery County,39113,39113070300
Ohio,Montgomery County,39113,39113080500
Ohio,Montgomery County,39113,39113165100
Ohio,Montgomery County,39113,39113165200
Ohio,Morgan County,39115,39115969100
Ohio,Muskingum County,39119,39119911400
Ohio,Muskingum County,39119,39119912000
Ohio,Muskingum County,39119,39119912100
Ohio,Pickaway County,39129,39129020100
Ohio,Pike County,39131,39131952700
Ohio,Portage County,39133,39133601200
Ohio,Portage County,39133,39133601501
Ohio,Portage County,39133,39133601502
Ohio,Portage County,39133,39133601503
Ohio,Richland County,39139,39139000500
Ohio,Richland County,39139,39139000600
Ohio,Richland County,39139,39139000700
Ohio,Richland County,39139,39139003100
Ohio,Scioto County,39145,39145003100
Ohio,Scioto County,39145,39145003200
Ohio,Scioto County,39145,39145003400
Ohio,Scioto County,39145,39145003500
Ohio,Scioto County,39145,39145003600
Ohio,Scioto County,39145,39145003700
Ohio,Stark County,39151,39151700100
Ohio,Stark County,39151,39151700200
Ohio,Stark County,39151,39151700500
Ohio,Stark County,39151,39151701500
Ohio,Stark County,39151,39151701700
Ohio,Stark County,39151,39151701800
Ohio,Stark County,39151,39151702100
Ohio,Stark County,39151,39151702300
Ohio,Stark County,39151,39151702500
Ohio,Stark County,39151,39151710200
Ohio,Stark County,39151,39151710400
Ohio,Stark County,39151,39151710500
Ohio,Stark County,39151,39151714200
Ohio,Summit County,39153,39153501100
Ohio,Summit County,39153,39153501700
Ohio,Summit County,39153,39153501800
Ohio,Summit County,39153,39153501900
Ohio,Summit County,39153,39153502101
Ohio,Summit County,39153,39153502500
Ohio,Summit County,39153,39153503100
Ohio,Summit County,39153,39153503200
Ohio,Summit County,39153,39153503300
Ohio,Summit County,39153,39153503400
Ohio,Summit County,39153,39153503500
Ohio,Summit County,39153,39153503800
Ohio,Summit County,39153,39153504100
Ohio,Summit County,39153,39153504200
Ohio,Summit County,39153,39153504400
Ohio,Summit County,39153,39153505200
Ohio,Summit County,39153,39153505300
Ohio,Summit County,39153,39153505600
Ohio,Summit County,39153,39153506500
Ohio,Summit County,39153,39153506600
Ohio,Summit County,39153,39153506700
Ohio,Summit County,39153,39153506800
Ohio,Summit County,39153,39153507500
Ohio,Summit County,39153,39153508301
Ohio,Summit County,39153,39153508399
Ohio,Summit County,39153,39153508900
Ohio,Summit County,39153,39153509000
Ohio,Summit County,39153,39153510100
Ohio,Summit County,39153,39153510301
Ohio,Trumbull County,39155,39155920500
Ohio,Trumbull County,39155,39155920600
Ohio,Trumbull County,39155,39155920700
Ohio,Trumbull County,39155,39155920800
Ohio,Trumbull County,39155,39155921200
Ohio,Trumbull County,39155,39155921600
Ohio,Trumbull County,39155,39155933800
Ohio,Trumbull County,39155,39155933900
Ohio,Vinton County,39163,39163953100
Ohio,Washington County,39167,39167021000
Ohio,Wayne County,39169,39169000500
Ohio,Wood County,39173,39173021701
Ohio,Wood County,39173,39173021702
Ohio,Wood County,39173,39173021800
Oklahoma,Adair County,40001,40001376900
Oklahoma,Adair County,40001,40001377000
Oklahoma,Atoka County,40005,40005587700
Oklahoma,Beckham County,40009,40009966500
Oklahoma,Bryan County,40013,40013796200
Oklahoma,Bryan County,40013,40013796400
Oklahoma,Caddo County,40015,40015161800
Oklahoma,Caddo County,40015,40015161900
Oklahoma,Caddo County,40015,40015162100
Oklahoma,Canadian County,40017,40017300400
Oklahoma,Canadian County,40017,40017300500
Oklahoma,Carter County,40019,40019892800
Oklahoma,Cherokee County,40021,40021977800
Oklahoma,Cherokee County,40021,40021977900
Oklahoma,Cherokee County,40021,40021978000
Oklahoma,Choctaw County,40023,40023966900
Oklahoma,Choctaw County,40023,40023967100
Oklahoma,Choctaw County,40023,40023967200
Oklahoma,Choctaw County,40023,40023967300
Oklahoma,Cleveland County,40027,40027200100
Oklahoma,Cleveland County,40027,40027200500
Oklahoma,Cleveland County,40027,40027200601
Oklahoma,Cleveland County,40027,40027200700
Oklahoma,Cleveland County,40027,40027201201
Oklahoma,Cleveland County,40027,40027201202
Oklahoma,Cleveland County,40027,40027201203
Oklahoma,Coal County,40029,40029388100
Oklahoma,Comanche County,40031,40031000800
Oklahoma,Comanche County,40031,40031001000
Oklahoma,Comanche County,40031,40031001100
Oklahoma,Comanche County,40031,40031001400
Oklahoma,Comanche County,40031,40031001500
Oklahoma,Comanche County,40031,40031001600
Oklahoma,Comanche County,40031,40031001700
Oklahoma,Comanche County,40031,40031001902
Oklahoma,Comanche County,40031,40031002500
Oklahoma,Creek County,40037,40037021000
Oklahoma,Creek County,40037,40037021300
Oklahoma,Custer County,40039,40039960600
Oklahoma,Delaware County,40041,40041376000
Oklahoma,Delaware County,40041,40041376100
Oklahoma,Garfield County,40047,40047000100
Oklahoma,Garfield County,40047,40047000700
Oklahoma,Grady County,40051,40051000100
Oklahoma,Grady County,40051,40051001000
Oklahoma,Haskell County,40061,40061279100
Oklahoma,Haskell County,40061,40061279200
Oklahoma,Hughes County,40063,40063484600
Oklahoma,Hughes County,40063,40063484800
Oklahoma,Jackson County,40065,40065968600
Oklahoma,Jackson County,40065,40065968700
Oklahoma,Jackson County,40065,40065968800
Oklahoma,Johnston County,40069,40069660200
Oklahoma,Kay County,40071,40071000500
Oklahoma,Le Flore County,40079,40079040401
Oklahoma,Le Flore County,40079,40079040402
Oklahoma,Le Flore County,40079,40079040601
Oklahoma,Le Flore County,40079,40079040700
Oklahoma,Logan County,40083,40083600200
Oklahoma,McCurtain County,40089,40089098200
Oklahoma,McCurtain County,40089,40089098600
Oklahoma,McCurtain County,40089,40089098700
Oklahoma,McCurtain County,40089,40089098900
Oklahoma,McIntosh County,40091,40091779700
Oklahoma,McIntosh County,40091,40091780200
Oklahoma,Muskogee County,40101,40101000200
Oklahoma,Muskogee County,40101,40101000300
Oklahoma,Muskogee County,40101,40101000400
Oklahoma,Muskogee County,40101,40101000700
Oklahoma,Muskogee County,40101,40101001500
Oklahoma,Okfuskee County,40107,40107080900
Oklahoma,Okfuskee County,40107,40107081000
Oklahoma,Oklahoma County,40109,40109100400
Oklahoma,Oklahoma County,40109,40109100500
Oklahoma,Oklahoma County,40109,40109101000
Oklahoma,Oklahoma County,40109,40109101100
Oklahoma,Oklahoma County,40109,40109101300
Oklahoma,Oklahoma County,40109,40109101400
Oklahoma,Oklahoma County,40109,40109102400
Oklahoma,Oklahoma County,40109,40109102500
Oklahoma,Oklahoma County,40109,40109102600
Oklahoma,Oklahoma County,40109,40109102800
Oklahoma,Oklahoma County,40109,40109103000
Oklahoma,Oklahoma County,40109,40109103200
Oklahoma,Oklahoma County,40109,40109103300
Oklahoma,Oklahoma County,40109,40109103400
Oklahoma,Oklahoma County,40109,40109103500
Oklahoma,Oklahoma County,40109,40109103700
Oklahoma,Oklahoma County,40109,40109103900
Oklahoma,Oklahoma County,40109,40109104100
Oklahoma,Oklahoma County,40109,40109104200
Oklahoma,Oklahoma County,40109,40109104300
Oklahoma,Oklahoma County,40109,40109104400
Oklahoma,Oklahoma County,40109,40109104600
Oklahoma,Oklahoma County,40109,40109104700
Oklahoma,Oklahoma County,40109,40109104800
Oklahoma,Oklahoma County,40109,40109105000
Oklahoma,Oklahoma County,40109,40109105300
Oklahoma,Oklahoma County,40109,40109105400
Oklahoma,Oklahoma County,40109,40109105500
Oklahoma,Oklahoma County,40109,40109105600
Oklahoma,Oklahoma County,40109,40109105800
Oklahoma,Oklahoma County,40109,40109105904
Oklahoma,Oklahoma County,40109,40109106100
Oklahoma,Oklahoma County,40109,40109106301
Oklahoma,Oklahoma County,40109,40109106302
Oklahoma,Oklahoma County,40109,40109106912
Oklahoma,Oklahoma County,40109,40109106913
Oklahoma,Oklahoma County,40109,40109106915
Oklahoma,Oklahoma County,40109,40109107001
Oklahoma,Oklahoma County,40109,40109107104
Oklahoma,Oklahoma County,40109,40109107213
Oklahoma,Oklahoma County,40109,40109107216
Oklahoma,Oklahoma County,40109,40109107223
Oklahoma,Oklahoma County,40109,40109107303
Oklahoma,Oklahoma County,40109,40109107900
Oklahoma,Oklahoma County,40109,40109108011
Oklahoma,Oklahoma County,40109,40109108207
Oklahoma,Oklahoma County,40109,40109108208
Oklahoma,Oklahoma County,40109,40109109100
Oklahoma,Okmulgee County,40111,40111000100
Oklahoma,Okmulgee County,40111,40111000200
Oklahoma,Okmulgee County,40111,40111000300
Oklahoma,Okmulgee County,40111,40111000902
Oklahoma,Ottawa County,40115,40115574500
Oklahoma,Payne County,40119,40119010200
Oklahoma,Payne County,40119,40119010300
Oklahoma,Payne County,40119,40119010400
Oklahoma,Payne County,40119,40119010500
Oklahoma,Payne County,40119,40119010700
Oklahoma,Pittsburg County,40121,40121486200
Oklahoma,Pittsburg County,40121,40121486400
Oklahoma,Pontotoc County,40123,40123088900
Oklahoma,Pontotoc County,40123,40123089100
Oklahoma,Pontotoc County,40123,40123089200
Oklahoma,Pottawatomie County,40125,40125500200
Oklahoma,Pottawatomie County,40125,40125500500
Oklahoma,Pushmataha County,40127,40127097600
Oklahoma,Pushmataha County,40127,40127097700
Oklahoma,Seminole County,40133,40133583500
Oklahoma,Seminole County,40133,40133583600
Oklahoma,Sequoyah County,40135,40135030202
Oklahoma,Stephens County,40137,40137000600
Oklahoma,Tillman County,40141,40141070400
Oklahoma,Tulsa County,40143,40143000300
Oklahoma,Tulsa County,40143,40143000400
Oklahoma,Tulsa County,40143,40143000500
Oklahoma,Tulsa County,40143,40143000600
Oklahoma,Tulsa County,40143,40143000700
Oklahoma,Tulsa County,40143,40143000900
Oklahoma,Tulsa County,40143,40143001000
Oklahoma,Tulsa County,40143,40143001200
Oklahoma,Tulsa County,40143,40143001300
Oklahoma,Tulsa County,40143,40143001400
Oklahoma,Tulsa County,40143,40143002000
Oklahoma,Tulsa County,40143,40143002100
Oklahoma,Tulsa County,40143,40143002301
Oklahoma,Tulsa County,40143,40143002500
Oklahoma,Tulsa County,40143,40143004600
Oklahoma,Tulsa County,40143,40143005700
Oklahoma,Tulsa County,40143,40143005900
Oklahoma,Tulsa County,40143,40143006200
Oklahoma,Tulsa County,40143,40143006701
Oklahoma,Tulsa County,40143,40143006801
Oklahoma,Tulsa County,40143,40143007311
Oklahoma,Tulsa County,40143,40143007608
Oklahoma,Tulsa County,40143,40143007900
Oklahoma,Tulsa County,40143,40143008001
Oklahoma,Tulsa County,40143,40143008002
Oklahoma,Tulsa County,40143,40143008800
Oklahoma,Tulsa County,40143,40143009101
Oklahoma,Washington County,40147,40147000200
Oklahoma,Washington County,40147,40147000300
Oklahoma,Washington County,40147,40147000900
Oregon,Benton County,41003,41003001101
Oregon,Benton County,41003,41003001102
Oregon,Benton County,41003,41003010600
Oregon,Benton County,41003,41003010702
Oregon,Jackson County,41029,41029000100
Oregon,Jackson County,41029,41029000201
Oregon,Jackson County,41029,41029000202
Oregon,Jackson County,41029,41029001900
Oregon,Jefferson County,41031,41031940000
Oregon,Josephine County,41033,41033360100
Oregon,Josephine County,41033,41033361600
Oregon,Klamath County,41035,41035970200
Oregon,Klamath County,41035,41035970600
Oregon,Klamath County,41035,41035971600
Oregon,Klamath County,41035,41035971700
Oregon,Klamath County,41035,41035971900
Oregon,Lane County,41039,41039003700
Oregon,Lane County,41039,41039003800
Oregon,Lane County,41039,41039003900
Oregon,Lane County,41039,41039004000
Oregon,Lane County,41039,41039004200
Oregon,Lane County,41039,41039004403
Oregon,Lane County,41039,41039004501
Oregon,Lane County,41039,41039004800
Oregon,Lane County,41039,41039004900
Oregon,Linn County,41043,41043020400
Oregon,Malheur County,41045,41045970400
Oregon,Marion County,41047,41047000400
Oregon,Marion County,41047,41047000501
Oregon,Marion County,41047,41047000502
Oregon,Marion County,41047,41047000701
Oregon,Marion County,41047,41047001000
Oregon,Multnomah County,41051,41051001101
Oregon,Multnomah County,41051,41051003301
Oregon,Multnomah County,41051,41051004001
Oregon,Multnomah County,41051,41051005200
Oregon,Multnomah County,41051,41051005500
Oregon,Multnomah County,41051,41051005600
Oregon,Multnomah County,41051,41051009801
Oregon,Multnomah County,41051,41051010600
Oregon,Polk County,41053,41053005100
Oregon,Polk County,41053,41053020303
Oregon,Polk County,41053,41053020304
Oregon,Union County,41061,41061970700
Pennsylvania,Allegheny County,42003,42003010300
Pennsylvania,Allegheny County,42003,42003030500
Pennsylvania,Allegheny County,42003,42003040200
Pennsylvania,Allegheny County,42003,42003040400
Pennsylvania,Allegheny County,42003,42003040500
Pennsylvania,Allegheny County,42003,42003040600
Pennsylvania,Allegheny County,42003,42003040900
Pennsylvania,Allegheny County,42003,42003050100
Pennsylvania,Allegheny County,42003,42003050900
Pennsylvania,Allegheny County,42003,42003051000
Pennsylvania,Allegheny County,42003,42003051100
Pennsylvania,Allegheny County,42003,42003101600
Pennsylvania,Allegheny County,42003,42003101700
Pennsylvania,Allegheny County,42003,42003111400
Pennsylvania,Allegheny County,42003,42003120300
Pennsylvania,Allegheny County,42003,42003120400
Pennsylvania,Allegheny County,42003,42003130100
Pennsylvania,Allegheny County,42003,42003130200
Pennsylvania,Allegheny County,42003,42003130300
Pennsylvania,Allegheny County,42003,42003130400
Pennsylvania,Allegheny County,42003,42003130600
Pennsylvania,Allegheny County,42003,42003250300
Pennsylvania,Allegheny County,42003,42003250700
Pennsylvania,Allegheny County,42003,42003250900
Pennsylvania,Allegheny County,42003,42003260900
Pennsylvania,Allegheny County,42003,42003261400
Pennsylvania,Allegheny County,42003,42003261500
Pennsylvania,Allegheny County,42003,42003262000
Pennsylvania,Allegheny County,42003,42003401200
Pennsylvania,Allegheny County,42003,42003464400
Pennsylvania,Allegheny County,42003,42003483800
Pennsylvania,Allegheny County,42003,42003486700
Pennsylvania,Allegheny County,42003,42003486900
Pennsylvania,Allegheny County,42003,42003492800
Pennsylvania,Allegheny County,42003,42003510000
Pennsylvania,Allegheny County,42003,42003512800
Pennsylvania,Allegheny County,42003,42003512900
Pennsylvania,Allegheny County,42003,42003513800
Pennsylvania,Allegheny County,42003,42003514000
Pennsylvania,Allegheny County,42003,42003550900
Pennsylvania,Allegheny County,42003,42003551200
Pennsylvania,Allegheny County,42003,42003551900
Pennsylvania,Allegheny County,42003,42003552100
Pennsylvania,Allegheny County,42003,42003552300
Pennsylvania,Allegheny County,42003,42003560600
Pennsylvania,Allegheny County,42003,42003561100
Pennsylvania,Allegheny County,42003,42003561200
Pennsylvania,Allegheny County,42003,42003562000
Pennsylvania,Allegheny County,42003,42003562300
Pennsylvania,Allegheny County,42003,42003981800
Pennsylvania,Allegheny County,42003,42003982200
Pennsylvania,Beaver County,42007,42007601200
Pennsylvania,Beaver County,42007,42007604500
Pennsylvania,Berks County,42011,42011000100
Pennsylvania,Berks County,42011,42011000200
Pennsylvania,Berks County,42011,42011001000
Pennsylvania,Berks County,42011,42011001200
Pennsylvania,Berks County,42011,42011001300
Pennsylvania,Berks County,42011,42011001700
Pennsylvania,Berks County,42011,42011001900
Pennsylvania,Berks County,42011,42011002100
Pennsylvania,Berks County,42011,42011002200
Pennsylvania,Berks County,42011,42011002300
Pennsylvania,Berks County,42011,42011002500
Pennsylvania,Berks County,42011,42011002600
Pennsylvania,Blair County,42013,42013100700
Pennsylvania,Blair County,42013,42013101600
Pennsylvania,Blair County,42013,42013101900
Pennsylvania,Butler County,42019,42019902300
Pennsylvania,Butler County,42019,42019902400
Pennsylvania,Butler County,42019,42019910400
Pennsylvania,Cambria County,42021,42021000100
Pennsylvania,Cambria County,42021,42021000300
Pennsylvania,Cambria County,42021,42021013400
Pennsylvania,Cambria County,42021,42021013500
Pennsylvania,Cambria County,42021,42021013600
Pennsylvania,Centre County,42027,42027011300
Pennsylvania,Centre County,42027,42027012000
Pennsylvania,Centre County,42027,42027012100
Pennsylvania,Centre County,42027,42027012200
Pennsylvania,Centre County,42027,42027012400
Pennsylvania,Centre County,42027,42027012500
Pennsylvania,Centre County,42027,42027012600
Pennsylvania,Chester County,42029,42029302600
Pennsylvania,Clarion County,42031,42031160600
Pennsylvania,Clinton County,42035,42035030600
Pennsylvania,Clinton County,42035,42035030700
Pennsylvania,Columbia County,42037,42037051100
Pennsylvania,Crawford County,42039,42039111600
Pennsylvania,Cumberland County,42041,42041012200
Pennsylvania,Dauphin County,42043,42043020300
Pennsylvania,Dauphin County,42043,42043020600
Pennsylvania,Dauphin County,42043,42043020700
Pennsylvania,Dauphin County,42043,42043021100
Pennsylvania,Dauphin County,42043,42043021200
Pennsylvania,Dauphin County,42043,42043021300
Pennsylvania,Dauphin County,42043,42043021400
Pennsylvania,Delaware County,42045,42045402400
Pennsylvania,Delaware County,42045,42045402900
Pennsylvania,Delaware County,42045,42045404700
Pennsylvania,Delaware County,42045,42045404800
Pennsylvania,Delaware County,42045,42045404900
Pennsylvania,Delaware County,42045,42045405000
Pennsylvania,Delaware County,42045,42045405200
Pennsylvania,Delaware County,42045,42045405400
Pennsylvania,Delaware County,42045,42045406402
Pennsylvania,Delaware County,42045,42045410700
Pennsylvania,Erie County,42049,42049000100
Pennsylvania,Erie County,42049,42049000600
Pennsylvania,Erie County,42049,42049000700
Pennsylvania,Erie County,42049,42049000800
Pennsylvania,Erie County,42049,42049000900
Pennsylvania,Erie County,42049,42049001200
Pennsylvania,Erie County,42049,42049001300
Pennsylvania,Erie County,42049,42049001400
Pennsylvania,Erie County,42049,42049001500
Pennsylvania,Erie County,42049,42049001700
Pennsylvania,Erie County,42049,42049001800
Pennsylvania,Erie County,42049,42049001900
Pennsylvania,Erie County,42049,42049012202
Pennsylvania,Fayette County,42051,42051260800
Pennsylvania,Fayette County,42051,42051261200
Pennsylvania,Fayette County,42051,42051261700
Pennsylvania,Fayette County,42051,42051261900
Pennsylvania,Fayette County,42051,42051262300
Pennsylvania,Fayette County,42051,42051263000
Pennsylvania,Franklin County,42055,42055011000
Pennsylvania,Huntingdon County,42061,42061950900
Pennsylvania,Indiana County,42063,42063960200
Pennsylvania,Indiana County,42063,42063961000
Pennsylvania,Indiana County,42063,42063961101
Pennsylvania,Indiana County,42063,42063961102
Pennsylvania,Jefferson County,42065,42065951200
Pennsylvania,Lackawanna County,42069,42069100200
Pennsylvania,Lackawanna County,42069,42069100300
Pennsylvania,Lackawanna County,42069,42069102900
Pennsylvania,Lancaster County,42071,42071000100
Pennsylvania,Lancaster County,42071,42071000800
Pennsylvania,Lancaster County,42071,42071000900
Pennsylvania,Lancaster County,42071,42071001400
Pennsylvania,Lancaster County,42071,42071014700
Pennsylvania,Lawrence County,42073,42073000400
Pennsylvania,Lawrence County,42073,42073000600
Pennsylvania,Lawrence County,42073,42073000900
Pennsylvania,Lehigh County,42077,42077000400
Pennsylvania,Lehigh County,42077,42077000500
Pennsylvania,Lehigh County,42077,42077000800
Pennsylvania,Lehigh County,42077,42077000900
Pennsylvania,Lehigh County,42077,42077001000
Pennsylvania,Lehigh County,42077,42077009600
Pennsylvania,Lehigh County,42077,42077009700
Pennsylvania,Luzerne County,42079,42079200100
Pennsylvania,Luzerne County,42079,42079200500
Pennsylvania,Luzerne County,42079,42079200900
Pennsylvania,Luzerne County,42079,42079201000
Pennsylvania,Luzerne County,42079,42079213200
Pennsylvania,Luzerne County,42079,42079217400
Pennsylvania,Luzerne County,42079,42079217500
Pennsylvania,Lycoming County,42081,42081000300
Pennsylvania,Lycoming County,42081,42081000400
Pennsylvania,Lycoming County,42081,42081000800
Pennsylvania,McKean County,42083,42083420200
Pennsylvania,McKean County,42083,42083420300
Pennsylvania,Mercer County,42085,42085032100
Pennsylvania,Mercer County,42085,42085033200
Pennsylvania,Mercer County,42085,42085033400
Pennsylvania,Mifflin County,42087,42087960800
Pennsylvania,Northampton County,42095,42095010500
Pennsylvania,Northampton County,42095,42095011000
Pennsylvania,Northampton County,42095,42095011300
Pennsylvania,Northumberland County,42097,42097081600
Pennsylvania,Northumberland County,42097,42097081700
Pennsylvania,Philadelphia County,42101,42101000500
Pennsylvania,Philadelphia County,42101,42101000901
Pennsylvania,Philadelphia County,42101,42101002500
Pennsylvania,Philadelphia County,42101,42101003001
Pennsylvania,Philadelphia County,42101,42101003002
Pennsylvania,Philadelphia County,42101,42101003100
Pennsylvania,Philadelphia County,42101,42101003200
Pennsylvania,Philadelphia County,42101,42101003300
Pennsylvania,Philadelphia County,42101,42101003600
Pennsylvania,Philadelphia County,42101,42101004101
Pennsylvania,Philadelphia County,42101,42101004102
Pennsylvania,Philadelphia County,42101,42101005600
Pennsylvania,Philadelphia County,42101,42101006300
Pennsylvania,Philadelphia County,42101,42101006500
Pennsylvania,Philadelphia County,42101,42101006600
Pennsylvania,Philadelphia County,42101,42101006900
Pennsylvania,Philadelphia County,42101,42101007101
Pennsylvania,Philadelphia County,42101,42101007102
Pennsylvania,Philadelphia County,42101,42101007200
Pennsylvania,Philadelphia County,42101,42101007300
Pennsylvania,Philadelphia County,42101,42101007400
Pennsylvania,Philadelphia County,42101,42101007700
Pennsylvania,Philadelphia County,42101,42101008000
Pennsylvania,Philadelphia County,42101,42101008101
Pennsylvania,Philadelphia County,42101,42101008102
Pennsylvania,Philadelphia County,42101,42101008400
Pennsylvania,Philadelphia County,42101,42101008500
Pennsylvania,Philadelphia County,42101,42101008602
Pennsylvania,Philadelphia County,42101,42101008701
Pennsylvania,Philadelphia County,42101,42101008702
Pennsylvania,Philadelphia County,42101,42101008801
Pennsylvania,Philadelphia County,42101,42101008802
Pennsylvania,Philadelphia County,42101,42101009000
Pennsylvania,Philadelphia County,42101,42101009100
Pennsylvania,Philadelphia County,42101,42101009200
Pennsylvania,Philadelphia County,42101,42101009300
Pennsylvania,Philadelphia County,42101,42101009400
Pennsylvania,Philadelphia County,42101,42101009500
Pennsylvania,Philadelphia County,42101,42101009600
Pennsylvania,Philadelphia County,42101,42101010200
Pennsylvania,Philadelphia County,42101,42101010400
Pennsylvania,Philadelphia County,42101,42101010500
Pennsylvania,Philadelphia County,42101,42101010600
Pennsylvania,Philadelphia County,42101,42101010700
Pennsylvania,Philadelphia County,42101,42101010800
Pennsylvania,Philadelphia County,42101,42101010900
Pennsylvania,Philadelphia County,42101,42101011000
Pennsylvania,Philadelphia County,42101,42101011100
Pennsylvania,Philadelphia County,42101,42101013100
Pennsylvania,Philadelphia County,42101,42101013200
Pennsylvania,Philadelphia County,42101,42101013700
Pennsylvania,Philadelphia County,42101,42101013800
Pennsylvania,Philadelphia County,42101,42101013900
Pennsylvania,Philadelphia County,42101,42101014000
Pennsylvania,Philadelphia County,42101,42101014100
Pennsylvania,Philadelphia County,42101,42101014400
Pennsylvania,Philadelphia County,42101,42101014500
Pennsylvania,Philadelphia County,42101,42101014600
Pennsylvania,Philadelphia County,42101,42101014700
Pennsylvania,Philadelphia County,42101,42101014800
Pennsylvania,Philadelphia County,42101,42101014900
Pennsylvania,Philadelphia County,42101,42101015101
Pennsylvania,Philadelphia County,42101,42101015102
Pennsylvania,Philadelphia County,42101,42101015200
Pennsylvania,Philadelphia County,42101,42101015300
Pennsylvania,Philadelphia County,42101,42101015600
Pennsylvania,Philadelphia County,42101,42101015700
Pennsylvania,Philadelphia County,42101,42101016200
Pennsylvania,Philadelphia County,42101,42101016300
Pennsylvania,Philadelphia County,42101,42101016400
Pennsylvania,Philadelphia County,42101,42101016500
Pennsylvania,Philadelphia County,42101,42101016600
Pennsylvania,Philadelphia County,42101,42101016701
Pennsylvania,Philadelphia County,42101,42101016702
Pennsylvania,Philadelphia County,42101,42101016800
Pennsylvania,Philadelphia County,42101,42101016901
Pennsylvania,Philadelphia County,42101,42101016902
Pennsylvania,Philadelphia County,42101,42101017000
Pennsylvania,Philadelphia County,42101,42101017100
Pennsylvania,Philadelphia County,42101,42101017201
Pennsylvania,Philadelphia County,42101,42101017202
Pennsylvania,Philadelphia County,42101,42101017300
Pennsylvania,Philadelphia County,42101,42101017400
Pennsylvania,Philadelphia County,42101,42101017500
Pennsylvania,Philadelphia County,42101,42101017601
Pennsylvania,Philadelphia County,42101,42101017602
Pennsylvania,Philadelphia County,42101,42101017701
Pennsylvania,Philadelphia County,42101,42101017702
Pennsylvania,Philadelphia County,42101,42101017800
Pennsylvania,Philadelphia County,42101,42101017900
Pennsylvania,Philadelphia County,42101,42101019200
Pennsylvania,Philadelphia County,42101,42101019501
Pennsylvania,Philadelphia County,42101,42101019502
Pennsylvania,Philadelphia County,42101,42101019700
Pennsylvania,Philadelphia County,42101,42101019800
Pennsylvania,Philadelphia County,42101,42101019900
Pennsylvania,Philadelphia County,42101,42101020000
Pennsylvania,Philadelphia County,42101,42101020101
Pennsylvania,Philadelphia County,42101,42101020102
Pennsylvania,Philadelphia County,42101,42101020200
Pennsylvania,Philadelphia County,42101,42101020300
Pennsylvania,Philadelphia County,42101,42101020400
Pennsylvania,Philadelphia County,42101,42101020500
Pennsylvania,Philadelphia County,42101,42101023900
Pennsylvania,Philadelphia County,42101,42101024100
Pennsylvania,Philadelphia County,42101,42101024500
Pennsylvania,Philadelphia County,42101,42101024600
Pennsylvania,Philadelphia County,42101,42101024700
Pennsylvania,Philadelphia County,42101,42101024900
Pennsylvania,Philadelphia County,42101,42101027901
Pennsylvania,Philadelphia County,42101,42101027902
Pennsylvania,Philadelphia County,42101,42101028000
Pennsylvania,Philadelphia County,42101,42101028100
Pennsylvania,Philadelphia County,42101,42101028300
Pennsylvania,Philadelphia County,42101,42101028400
Pennsylvania,Philadelphia County,42101,42101028600
Pennsylvania,Philadelphia County,42101,42101028700
Pennsylvania,Philadelphia County,42101,42101028800
Pennsylvania,Philadelphia County,42101,42101028901
Pennsylvania,Philadelphia County,42101,42101028902
Pennsylvania,Philadelphia County,42101,42101029100
Pennsylvania,Philadelphia County,42101,42101029400
Pennsylvania,Philadelphia County,42101,42101029900
Pennsylvania,Philadelphia County,42101,42101030000
Pennsylvania,Philadelphia County,42101,42101037700
Pennsylvania,Philadelphia County,42101,42101038300
Pennsylvania,Schuylkill County,42107,42107000601
Pennsylvania,Schuylkill County,42107,42107000602
Pennsylvania,Schuylkill County,42107,42107001900
Pennsylvania,Somerset County,42111,42111021100
Pennsylvania,Venango County,42121,42121200700
Pennsylvania,Washington County,42125,42125704100
Pennsylvania,Washington County,42125,42125754400
Pennsylvania,Washington County,42125,42125783200
Pennsylvania,Washington County,42125,42125792200
Pennsylvania,Westmoreland County,42129,42129800100
Pennsylvania,Westmoreland County,42129,42129800700
Pennsylvania,Westmoreland County,42129,42129801600
Pennsylvania,Westmoreland County,42129,42129802800
Pennsylvania,Westmoreland County,42129,42129805400
Pennsylvania,York County,42133,42133000200
Pennsylvania,York County,42133,42133000500
Pennsylvania,York County,42133,42133000700
Pennsylvania,York County,42133,42133000900
Pennsylvania,York County,42133,42133001000
Pennsylvania,York County,42133,42133001200
Pennsylvania,York County,42133,42133001500
Pennsylvania,York County,42133,42133001600
Rhode Island,Providence County,44007,44007000200
Rhode Island,Providence County,44007,44007000300
Rhode Island,Providence County,44007,44007000400
Rhode Island,Providence County,44007,44007000500
Rhode Island,Providence County,44007,44007000700
Rhode Island,Providence County,44007,44007000800
Rhode Island,Providence County,44007,44007000900
Rhode Island,Providence County,44007,44007001000
Rhode Island,Providence County,44007,44007001200
Rhode Island,Providence County,44007,44007001300
Rhode Island,Providence County,44007,44007001400
Rhode Island,Providence County,44007,44007001600
Rhode Island,Providence County,44007,44007001900
Rhode Island,Providence County,44007,44007002600
Rhode Island,Providence County,44007,44007002700
Rhode Island,Providence County,44007,44007003100
Rhode Island,Providence County,44007,44007003601
Rhode Island,Providence County,44007,44007003602
Rhode Island,Providence County,44007,44007003700
Rhode Island,Providence County,44007,44007010800
Rhode Island,Providence County,44007,44007011000
Rhode Island,Providence County,44007,44007011100
Rhode Island,Providence County,44007,44007015100
Rhode Island,Providence County,44007,44007015200
Rhode Island,Providence County,44007,44007017400
Rhode Island,Providence County,44007,44007017600
Rhode Island,Providence County,44007,44007018000
Rhode Island,Providence County,44007,44007018300
South Carolina,Aiken County,45003,45003021400
South Carolina,Allendale County,45005,45005970200
South Carolina,Allendale County,45005,45005970400
South Carolina,Anderson County,45007,45007000600
South Carolina,Anderson County,45007,45007000700
South Carolina,Anderson County,45007,45007000800
South Carolina,Anderson County,45007,45007000900
South Carolina,Anderson County,45007,45007012300
South Carolina,Bamberg County,45009,45009960100
South Carolina,Bamberg County,45009,45009960200
South Carolina,Barnwell County,45011,45011970200
South Carolina,Barnwell County,45011,45011970300
South Carolina,Beaufort County,45013,45013001102
South Carolina,Berkeley County,45015,45015020201
South Carolina,Berkeley County,45015,45015020202
South Carolina,Charleston County,45019,45019000400
South Carolina,Charleston County,45019,45019000600
South Carolina,Charleston County,45019,45019000700
South Carolina,Charleston County,45019,45019000900
South Carolina,Charleston County,45019,45019001000
South Carolina,Charleston County,45019,45019001100
South Carolina,Charleston County,45019,45019002701
South Carolina,Charleston County,45019,45019003105
South Carolina,Charleston County,45019,45019003300
South Carolina,Charleston County,45019,45019003400
South Carolina,Charleston County,45019,45019003700
South Carolina,Charleston County,45019,45019003800
South Carolina,Charleston County,45019,45019004000
South Carolina,Charleston County,45019,45019004300
South Carolina,Charleston County,45019,45019004400
South Carolina,Charleston County,45019,45019005300
South Carolina,Charleston County,45019,45019005400
South Carolina,Charleston County,45019,45019005500
South Carolina,Chester County,45023,45023020200
South Carolina,Chester County,45023,45023020300
South Carolina,Chesterfield County,45025,45025950600
South Carolina,Chesterfield County,45025,45025950800
South Carolina,Clarendon County,45027,45027960500
South Carolina,Clarendon County,45027,45027960801
South Carolina,Colleton County,45029,45029970300
South Carolina,Colleton County,45029,45029970500
South Carolina,Darlington County,45031,45031010700
South Carolina,Darlington County,45031,45031011400
South Carolina,Dillon County,45033,45033970100
South Carolina,Dillon County,45033,45033970200
South Carolina,Dillon County,45033,45033970400
South Carolina,Dillon County,45033,45033970600
South Carolina,Edgefield County,45037,45037970300
South Carolina,Fairfield County,45039,45039960400
South Carolina,Florence County,45041,45041000700
South Carolina,Florence County,45041,45041000800
South Carolina,Florence County,45041,45041000900
South Carolina,Florence County,45041,45041002000
South Carolina,Florence County,45041,45041002201
South Carolina,Florence County,45041,45041002202
South Carolina,Florence County,45041,45041002600
South Carolina,Georgetown County,45043,45043920400
South Carolina,Georgetown County,45043,45043920600
South Carolina,Greenville County,45045,45045000700
South Carolina,Greenville County,45045,45045000800
South Carolina,Greenville County,45045,45045000900
South Carolina,Greenville County,45045,45045002104
South Carolina,Greenville County,45045,45045002108
South Carolina,Greenville County,45045,45045002303
South Carolina,Greenville County,45045,45045002304
South Carolina,Greenville County,45045,45045004300
South Carolina,Greenwood County,45047,45047970500
South Carolina,Greenwood County,45047,45047970800
South Carolina,Hampton County,45049,45049920400
South Carolina,Hampton County,45049,45049920500
South Carolina,Horry County,45051,45051020200
South Carolina,Horry County,45051,45051030103
South Carolina,Horry County,45051,45051050600
South Carolina,Horry County,45051,45051070400
South Carolina,Lancaster County,45057,45057010700
South Carolina,Lancaster County,45057,45057010800
South Carolina,Lee County,45061,45061920200
South Carolina,Lee County,45061,45061920302
South Carolina,Lee County,45061,45061920500
South Carolina,Lee County,45061,45061920600
South Carolina,Marion County,45067,45067950300
South Carolina,Marion County,45067,45067950400
South Carolina,Marion County,45067,45067950700
South Carolina,Marlboro County,45069,45069960200
South Carolina,Marlboro County,45069,45069960400
South Carolina,Marlboro County,45069,45069960500
South Carolina,Newberry County,45071,45071950502
South Carolina,Orangeburg County,45075,45075010200
South Carolina,Orangeburg County,45075,45075010300
South Carolina,Orangeburg County,45075,45075010600
South Carolina,Orangeburg County,45075,45075011100
South Carolina,Orangeburg County,45075,45075011300
South Carolina,Orangeburg County,45075,45075011400
South Carolina,Orangeburg County,45075,45075011800
South Carolina,Orangeburg County,45075,45075012000
South Carolina,Pickens County,45077,45077011204
South Carolina,Pickens County,45077,45077011205
South Carolina,Richland County,45079,45079000100
South Carolina,Richland County,45079,45079000200
South Carolina,Richland County,45079,45079000300
South Carolina,Richland County,45079,45079000500
South Carolina,Richland County,45079,45079000900
South Carolina,Richland County,45079,45079001000
South Carolina,Richland County,45079,45079001300
South Carolina,Richland County,45079,45079001600
South Carolina,Richland County,45079,45079002800
South Carolina,Richland County,45079,45079003000
South Carolina,Richland County,45079,45079010502
South Carolina,Richland County,45079,45079010900
South Carolina,Spartanburg County,45083,45083020301
South Carolina,Spartanburg County,45083,45083020400
South Carolina,Spartanburg County,45083,45083020500
South Carolina,Spartanburg County,45083,45083020800
South Carolina,Spartanburg County,45083,45083021001
South Carolina,Spartanburg County,45083,45083021700
South Carolina,Sumter County,45085,45085000700
South Carolina,Sumter County,45085,45085000800
South Carolina,Sumter County,45085,45085001100
South Carolina,Sumter County,45085,45085001300
South Carolina,Sumter County,45085,45085001500
South Carolina,Sumter County,45085,45085001600
South Carolina,Sumter County,45085,45085001802
South Carolina,Union County,45087,45087030200
South Carolina,Williamsburg County,45089,45089970100
South Carolina,Williamsburg County,45089,45089970300
South Carolina,Williamsburg County,45089,45089970400
South Carolina,Williamsburg County,45089,45089970501
South Carolina,Williamsburg County,45089,45089970502
South Carolina,Williamsburg County,45089,45089970600
South Carolina,Williamsburg County,45089,45089970700
South Carolina,Williamsburg County,45089,45089970801
South Carolina,Williamsburg County,45089,45089970900
South Carolina,York County,45091,45091060401
South Carolina,York County,45091,45091060501
South Carolina,York County,45091,45091060502
South Dakota,Bennett County,46007,46007941000
South Dakota,Bennett County,46007,46007941200
South Dakota,Buffalo County,46017,46017940200
South Dakota,Charles Mix County,46023,46023940200
South Dakota,Clay County,46027,46027965900
South Dakota,Corson County,46031,46031941000
South Dakota,Corson County,46031,46031941100
South Dakota,Dewey County,46041,46041941500
South Dakota,Jackson County,46071,46071941200
South Dakota,Lyman County,46085,46085940100
South Dakota,Mellette County,46095,46095940300
South Dakota,Pennington County,46103,46103010200
South Dakota,Pennington County,46103,46103010300
South Dakota,Pennington County,46103,46103010400
South Dakota,Pennington County,46103,46103010500
South Dakota,Roberts County,46109,46109940800
South Dakota,Todd County,46121,46121940100
South Dakota,Todd County,46121,46121940200
South Dakota,Ziebach County,46137,46137941600
Tennessee,Anderson County,47001,47001020500
Tennessee,Anderson County,47001,47001020700
Tennessee,Anderson County,47001,47001020800
Tennessee,Bledsoe County,47007,47007953200
Tennessee,Blount County,47009,47009010100
Tennessee,Bradley County,47011,47011010300
Tennessee,Bradley County,47011,47011010400
Tennessee,Bradley County,47011,47011010700
Tennessee,Bradley County,47011,47011010800
Tennessee,Campbell County,47013,47013950100
Tennessee,Campbell County,47013,47013950200
Tennessee,Campbell County,47013,47013950600
Tennessee,Campbell County,47013,47013950700
Tennessee,Campbell County,47013,47013951000
Tennessee,Carter County,47019,47019070300
Tennessee,Carter County,47019,47019070400
Tennessee,Carter County,47019,47019071600
Tennessee,Chester County,47023,47023970200
Tennessee,Claiborne County,47025,47025970400
Tennessee,Claiborne County,47025,47025970700
Tennessee,Claiborne County,47025,47025970800
Tennessee,Claiborne County,47025,47025970900
Tennessee,Cocke County,47029,47029920200
Tennessee,Cocke County,47029,47029920501
Tennessee,Cocke County,47029,47029920600
Tennessee,Cocke County,47029,47029920700
Tennessee,Coffee County,47031,47031970900
Tennessee,Cumberland County,47035,47035970501
Tennessee,Cumberland County,47035,47035970502
Tennessee,Davidson County,47037,47037010402
Tennessee,Davidson County,47037,47037010903
Tennessee,Davidson County,47037,47037011300
Tennessee,Davidson County,47037,47037011800
Tennessee,Davidson County,47037,47037012600
Tennessee,Davidson County,47037,47037012701
Tennessee,Davidson County,47037,47037013601
Tennessee,Davidson County,47037,47037013602
Tennessee,Davidson County,47037,47037013700
Tennessee,Davidson County,47037,47037013800
Tennessee,Davidson County,47037,47037013900
Tennessee,Davidson County,47037,47037014200
Tennessee,Davidson County,47037,47037014400
Tennessee,Davidson County,47037,47037014800
Tennessee,Davidson County,47037,47037016200
Tennessee,Davidson County,47037,47037016300
Tennessee,Davidson County,47037,47037019200
Tennessee,Davidson County,47037,47037019300
Tennessee,Davidson County,47037,47037019400
Tennessee,Dyer County,47045,47045964400
Tennessee,Fentress County,47049,47049965000
Tennessee,Fentress County,47049,47049965100
Tennessee,Gibson County,47053,47053966900
Tennessee,Greene County,47059,47059090100
Tennessee,Grundy County,47061,47061955000
Tennessee,Grundy County,47061,47061955200
Tennessee,Grundy County,47061,47061955300
Tennessee,Hamblen County,47063,47063100300
Tennessee,Hamilton County,47065,47065000400
Tennessee,Hamilton County,47065,47065001100
Tennessee,Hamilton County,47065,47065001200
Tennessee,Hamilton County,47065,47065001300
Tennessee,Hamilton County,47065,47065001600
Tennessee,Hamilton County,47065,47065001900
Tennessee,Hamilton County,47065,47065002300
Tennessee,Hamilton County,47065,47065002400
Tennessee,Hamilton County,47065,47065002500
Tennessee,Hamilton County,47065,47065002600
Tennessee,Hamilton County,47065,47065012200
Tennessee,Hamilton County,47065,47065012300
Tennessee,Hamilton County,47065,47065012400
Tennessee,Hancock County,47067,47067960600
Tennessee,Hardeman County,47069,47069950400
Tennessee,Hardin County,47071,47071920400
Tennessee,Haywood County,47075,47075930400
Tennessee,Henry County,47079,47079969300
Tennessee,Jackson County,47087,47087960400
Tennessee,Johnson County,47091,47091956300
Tennessee,Johnson County,47091,47091956400
Tennessee,Knox County,47093,47093000100
Tennessee,Knox County,47093,47093000800
Tennessee,Knox County,47093,47093000902
Tennessee,Knox County,47093,47093001400
Tennessee,Knox County,47093,47093001900
Tennessee,Knox County,47093,47093002000
Tennessee,Knox County,47093,47093002100
Tennessee,Knox County,47093,47093002400
Tennessee,Knox County,47093,47093002600
Tennessee,Knox County,47093,47093002800
Tennessee,Knox County,47093,47093002900
Tennessee,Knox County,47093,47093006600
Tennessee,Knox County,47093,47093006700
Tennessee,Knox County,47093,47093006800
Tennessee,Knox County,47093,47093006900
Tennessee,Knox County,47093,47093007000
Tennessee,Lake County,47095,47095960100
Tennessee,Lake County,47095,47095960200
Tennessee,Lauderdale County,47097,47097050505
Tennessee,Lawrence County,47099,47099960300
Tennessee,McMinn County,47107,47107970200
Tennessee,McNairy County,47109,47109930200
Tennessee,Madison County,47113,47113000500
Tennessee,Madison County,47113,47113000700
Tennessee,Madison County,47113,47113000800
Tennessee,Madison County,47113,47113000900
Tennessee,Madison County,47113,47113001000
Tennessee,Madison County,47113,47113001100
Tennessee,Marshall County,47117,47117955300
Tennessee,Maury County,47119,47119010500
Tennessee,Montgomery County,47125,47125100100
Tennessee,Montgomery County,47125,47125100400
Tennessee,Montgomery County,47125,47125100800
Tennessee,Montgomery County,47125,47125100900
Tennessee,Morgan County,47129,47129110100
Tennessee,Obion County,47131,47131965600
Tennessee,Putnam County,47141,47141000100
Tennessee,Putnam County,47141,47141000700
Tennessee,Putnam County,47141,47141000800
Tennessee,Roane County,47145,47145030500
Tennessee,Roane County,47145,47145030800
Tennessee,Robertson County,47147,47147080301
Tennessee,Robertson County,47147,47147080302
Tennessee,Rutherford County,47149,47149041800
Tennessee,Rutherford County,47149,47149041900
Tennessee,Shelby County,47157,47157000200
Tennessee,Shelby County,47157,47157000300
Tennessee,Shelby County,47157,47157000400
Tennessee,Shelby County,47157,47157000600
Tennessee,Shelby County,47157,47157000700
Tennessee,Shelby County,47157,47157000800
Tennessee,Shelby County,47157,47157000900
Tennessee,Shelby County,47157,47157001300
Tennessee,Shelby County,47157,47157001400
Tennessee,Shelby County,47157,47157001500
Tennessee,Shelby County,47157,47157001900
Tennessee,Shelby County,47157,47157002000
Tennessee,Shelby County,47157,47157002100
Tennessee,Shelby County,47157,47157002400
Tennessee,Shelby County,47157,47157002500
Tennessee,Shelby County,47157,47157002700
Tennessee,Shelby County,47157,47157002800
Tennessee,Shelby County,47157,47157003000
Tennessee,Shelby County,47157,47157003600
Tennessee,Shelby County,47157,47157003700
Tennessee,Shelby County,47157,47157003800
Tennessee,Shelby County,47157,47157003900
Tennessee,Shelby County,47157,47157004500
Tennessee,Shelby County,47157,47157004600
Tennessee,Shelby County,47157,47157005000
Tennessee,Shelby County,47157,47157005300
Tennessee,Shelby County,47157,47157005500
Tennessee,Shelby County,47157,47157005700
Tennessee,Shelby County,47157,47157005800
Tennessee,Shelby County,47157,47157005900
Tennessee,Shelby County,47157,47157006000
Tennessee,Shelby County,47157,47157006200
Tennessee,Shelby County,47157,47157006500
Tennessee,Shelby County,47157,47157006700
Tennessee,Shelby County,47157,47157006800
Tennessee,Shelby County,47157,47157007000
Tennessee,Shelby County,47157,47157007810
Tennessee,Shelby County,47157,47157007821
Tennessee,Shelby County,47157,47157007822
Tennessee,Shelby County,47157,47157007900
Tennessee,Shelby County,47157,47157008110
Tennessee,Shelby County,47157,47157008120
Tennessee,Shelby County,47157,47157008200
Tennessee,Shelby County,47157,47157008900
Tennessee,Shelby County,47157,47157009901
Tennessee,Shelby County,47157,47157009902
Tennessee,Shelby County,47157,47157010110
Tennessee,Shelby County,47157,47157010300
Tennessee,Shelby County,47157,47157010500
Tennessee,Shelby County,47157,47157011100
Tennessee,Shelby County,47157,47157011200
Tennessee,Shelby County,47157,47157011300
Tennessee,Shelby County,47157,47157011400
Tennessee,Shelby County,47157,47157011500
Tennessee,Shelby County,47157,47157011600
Tennessee,Shelby County,47157,47157011700
Tennessee,Shelby County,47157,47157022022
Tennessee,Shelby County,47157,47157022210
Tennessee,Shelby County,47157,47157022220
Tennessee,Shelby County,47157,47157022310
Tennessee,Shelby County,47157,47157022330
Tennessee,Shelby County,47157,47157022700
Tennessee,Sullivan County,47163,47163040200
Tennessee,Sullivan County,47163,47163040500
Tennessee,Sullivan County,47163,47163040600
Tennessee,Sumner County,47165,47165020800
Tennessee,Tipton County,47167,47167040700
Tennessee,Washington County,47179,47179060100
Tennessee,Washington County,47179,47179060900
Tennessee,Washington County,47179,47179061000
Tennessee,Wilson County,47189,47189030700
Texas,Angelina County,48005,48005000500
Texas,Angelina County,48005,48005000600
Texas,Angelina County,48005,48005000700
Texas,Aransas County,48007,48007950400
Texas,Atascosa County,48013,48013960300
Texas,Bee County,48025,48025950300
Texas,Bee County,48025,48025950500
Texas,Bell County,48027,48027020701
Texas,Bell County,48027,48027020800
Texas,Bell County,48027,48027020900
Texas,Bell County,48027,48027021000
Texas,Bell County,48027,48027022600
Texas,Bell County,48027,48027022801
Texas,Bell County,48027,48027022900
Texas,Bell County,48027,48027023500
Texas,Bexar County,48029,48029110100
Texas,Bexar County,48029,48029110300
Texas,Bexar County,48029,48029110500
Texas,Bexar County,48029,48029110600
Texas,Bexar County,48029,48029110700
Texas,Bexar County,48029,48029110800
Texas,Bexar County,48029,48029111000
Texas,Bexar County,48029,48029130200
Texas,Bexar County,48029,48029130300
Texas,Bexar County,48029,48029130401
Texas,Bexar County,48029,48029130402
Texas,Bexar County,48029,48029130500
Texas,Bexar County,48029,48029130600
Texas,Bexar County,48029,48029130700
Texas,Bexar County,48029,48029130800
Texas,Bexar County,48029,48029130900
Texas,Bexar County,48029,48029131100
Texas,Bexar County,48029,48029131200
Texas,Bexar County,48029,48029140300
Texas,Bexar County,48029,48029140600
Texas,Bexar County,48029,48029140800
Texas,Bexar County,48029,48029141000
Texas,Bexar County,48029,48029141101
Texas,Bexar County,48029,48029141102
Texas,Bexar County,48029,48029150300
Texas,Bexar County,48029,48029150400
Texas,Bexar County,48029,48029150501
Texas,Bexar County,48029,48029150502
Texas,Bexar County,48029,48029150600
Texas,Bexar County,48029,48029150800
Texas,Bexar County,48029,48029151100
Texas,Bexar County,48029,48029151301
Texas,Bexar County,48029,48029151302
Texas,Bexar County,48029,48029151400
Texas,Bexar County,48029,48029151900
Texas,Bexar County,48029,48029160100
Texas,Bexar County,48029,48029160400
Texas,Bexar County,48029,48029160501
Texas,Bexar County,48029,48029160502
Texas,Bexar County,48029,48029160600
Texas,Bexar County,48029,48029160701
Texas,Bexar County,48029,48029160702
Texas,Bexar County,48029,48029160901
Texas,Bexar County,48029,48029160902
Texas,Bexar County,48029,48029161000
Texas,Bexar County,48029,48029161200
Texas,Bexar County,48029,48029161302
Texas,Bexar County,48029,48029161303
Texas,Bexar County,48029,48029161304
Texas,Bexar County,48029,48029161504
Texas,Bexar County,48029,48029161600
Texas,Bexar County,48029,48029170101
Texas,Bexar County,48029,48029170102
Texas,Bexar County,48029,48029170200
Texas,Bexar County,48029,48029170300
Texas,Bexar County,48029,48029170401
Texas,Bexar County,48029,48029170402
Texas,Bexar County,48029,48029170500
Texas,Bexar County,48029,48029170800
Texas,Bexar County,48029,48029170900
Texas,Bexar County,48029,48029171000
Texas,Bexar County,48029,48029171100
Texas,Bexar County,48029,48029171200
Texas,Bexar County,48029,48029171301
Texas,Bexar County,48029,48029171302
Texas,Bexar County,48029,48029171401
Texas,Bexar County,48029,48029171402
Texas,Bexar County,48029,48029171501
Texas,Bexar County,48029,48029171502
Texas,Bexar County,48029,48029171601
Texas,Bexar County,48029,48029171602
Texas,Bexar County,48029,48029180400
Texas,Bexar County,48029,48029180501
Texas,Bexar County,48029,48029180504
Texas,Bexar County,48029,48029180800
Texas,Bexar County,48029,48029181003
Texas,Bexar County,48029,48029190100
Texas,Bexar County,48029,48029190603
Texas,Bexar County,48029,48029190604
Texas,Bexar County,48029,48029190700
Texas,Bexar County,48029,48029191004
Texas,Bexar County,48029,48029191900
Texas,Bowie County,48037,48037010400
Texas,Bowie County,48037,48037010500
Texas,Bowie County,48037,48037010600
Texas,Bowie County,48037,48037010800
Texas,Brazos County,48041,48041000201
Texas,Brazos County,48041,48041000400
Texas,Brazos County,48041,48041000500
Texas,Brazos County,48041,48041000603
Texas,Brazos County,48041,48041000604
Texas,Brazos County,48041,48041000900
Texas,Brazos County,48041,48041001000
Texas,Brazos County,48041,48041001301
Texas,Brazos County,48041,48041001302
Texas,Brazos County,48041,48041001303
Texas,Brazos County,48041,48041001400
Texas,Brazos County,48041,48041001601
Texas,Brazos County,48041,48041001604
Texas,Brazos County,48041,48041001605
Texas,Brazos County,48041,48041001606
Texas,Brazos County,48041,48041001701
Texas,Brazos County,48041,48041001702
Texas,Brazos County,48041,48041001804
Texas,Brooks County,48047,48047950100
Texas,Brooks County,48047,48047950200
Texas,Brown County,48049,48049950600
Texas,Brown County,48049,48049950700
Texas,Cameron County,48061,48061010100
Texas,Cameron County,48061,48061010203
Texas,Cameron County,48061,48061010301
Texas,Cameron County,48061,48061010302
Texas,Cameron County,48061,48061010401
Texas,Cameron County,48061,48061010500
Texas,Cameron County,48061,48061010601
Texas,Cameron County,48061,48061010700
Texas,Cameron County,48061,48061010900
Texas,Cameron County,48061,48061011000
Texas,Cameron County,48061,48061011100
Texas,Cameron County,48061,48061011200
Texas,Cameron County,48061,48061011500
Texas,Cameron County,48061,48061011600
Texas,Cameron County,48061,48061011700
Texas,Cameron County,48061,48061011802
Texas,Cameron County,48061,48061011901
Texas,Cameron County,48061,48061011902
Texas,Cameron County,48061,48061011903
Texas,Cameron County,48061,48061012102
Texas,Cameron County,48061,48061012200
Texas,Cameron County,48061,48061012304
Texas,Cameron County,48061,48061012401
Texas,Cameron County,48061,48061012402
Texas,Cameron County,48061,48061012505
Texas,Cameron County,48061,48061012507
Texas,Cameron County,48061,48061012508
Texas,Cameron County,48061,48061012607
Texas,Cameron County,48061,48061012608
Texas,Cameron County,48061,48061012609
Texas,Cameron County,48061,48061012700
Texas,Cameron County,48061,48061013003
Texas,Cameron County,48061,48061013106
Texas,Cameron County,48061,48061013203
Texas,Cameron County,48061,48061013204
Texas,Cameron County,48061,48061013205
Texas,Cameron County,48061,48061013206
Texas,Cameron County,48061,48061013207
Texas,Cameron County,48061,48061013305
Texas,Cameron County,48061,48061013306
Texas,Cameron County,48061,48061013307
Texas,Cameron County,48061,48061013308
Texas,Cameron County,48061,48061013309
Texas,Cameron County,48061,48061013401
Texas,Cameron County,48061,48061013402
Texas,Cameron County,48061,48061013600
Texas,Cameron County,48061,48061013700
Texas,Cameron County,48061,48061013801
Texas,Cameron County,48061,48061013802
Texas,Cameron County,48061,48061013901
Texas,Cameron County,48061,48061013902
Texas,Cameron County,48061,48061013903
Texas,Cameron County,48061,48061014001
Texas,Cameron County,48061,48061014002
Texas,Cameron County,48061,48061014100
Texas,Cameron County,48061,48061014200
Texas,Cameron County,48061,48061014300
Texas,Cameron County,48061,48061014500
Texas,Cass County,48067,48067950400
Texas,Cherokee County,48073,48073950400
Texas,Cherokee County,48073,48073950500
Texas,Cochran County,48079,48079950100
Texas,Collin County,48085,48085030900
Texas,Cooke County,48097,48097000500
Texas,Crosby County,48107,48107950100
Texas,Crosby County,48109,48109950300
Texas,Dallas County,48113,48113000401
Texas,Dallas County,48113,48113000405
Texas,Dallas County,48113,48113001204
Texas,Dallas County,48113,48113001502
Texas,Dallas County,48113,48113001503
Texas,Dallas County,48113,48113001504
Texas,Dallas County,48113,48113001600
Texas,Dallas County,48113,48113002000
Texas,Dallas County,48113,48113002400
Texas,Dallas County,48113,48113002500
Texas,Dallas County,48113,48113002701
Texas,Dallas County,48113,48113002702
Texas,Dallas County,48113,48113003400
Texas,Dallas County,48113,48113003700
Texas,Dallas County,48113,48113003800
Texas,Dallas County,48113,48113003901
Texas,Dallas County,48113,48113003902
Texas,Dallas County,48113,48113004100
Texas,Dallas County,48113,48113004700
Texas,Dallas County,48113,48113004800
Texas,Dallas County,48113,48113004900
Texas,Dallas County,48113,48113005500
Texas,Dallas County,48113,48113005600
Texas,Dallas County,48113,48113005700
Texas,Dallas County,48113,48113005902
Texas,Dallas County,48113,48113006001
Texas,Dallas County,48113,48113006002
Texas,Dallas County,48113,48113006100
Texas,Dallas County,48113,48113006200
Texas,Dallas County,48113,48113006700
Texas,Dallas County,48113,48113006900
Texas,Dallas County,48113,48113007201
Texas,Dallas County,48113,48113007202
Texas,Dallas County,48113,48113007815
Texas,Dallas County,48113,48113008603
Texas,Dallas County,48113,48113008604
Texas,Dallas County,48113,48113008701
Texas,Dallas County,48113,48113008703
Texas,Dallas County,48113,48113008704
Texas,Dallas County,48113,48113008802
Texas,Dallas County,48113,48113008900
Texas,Dallas County,48113,48113009304
Texas,Dallas County,48113,48113010101
Texas,Dallas County,48113,48113010500
Texas,Dallas County,48113,48113010602
Texas,Dallas County,48113,48113010701
Texas,Dallas County,48113,48113010804
Texas,Dallas County,48113,48113011105
Texas,Dallas County,48113,48113011401
Texas,Dallas County,48113,48113011500
Texas,Dallas County,48113,48113011601
Texas,Dallas County,48113,48113012208
Texas,Dallas County,48113,48113014602
Texas,Dallas County,48113,48113018204
Texas,Dallas County,48113,48113019013
Texas,Dallas County,48113,48113019212
Texas,Dallas County,48113,48113019213
Texas,Dallas County,48113,48113020200
Texas,Dallas County,48113,48113020300
Texas,Dallas County,48113,48113020500
Texas,Dawson County,48115,48115950500
Texas,Delta County,48119,48119950200
Texas,Denton County,48121,48121020601
Texas,Denton County,48121,48121020700
Texas,Denton County,48121,48121020800
Texas,Denton County,48121,48121020900
Texas,Denton County,48121,48121021000
Texas,Denton County,48121,48121021100
Texas,Denton County,48121,48121021201
Texas,Denton County,48121,48121021301
Texas,DeWitt County,48123,48123970200
Texas,Dimmit County,48127,48127950200
Texas,Dimmit County,48127,48127950400
Texas,Duval County,48131,48131950100
Texas,Ector County,48135,48135001800
Texas,Ellis County,48139,48139060400
Texas,El Paso County,48141,48141000110
Texas,El Paso County,48141,48141000205
Texas,El Paso County,48141,48141000206
Texas,El Paso County,48141,48141000301
Texas,El Paso County,48141,48141000302
Texas,El Paso County,48141,48141000404
Texas,El Paso County,48141,48141000600
Texas,El Paso County,48141,48141000800
Texas,El Paso County,48141,48141000900
Texas,El Paso County,48141,48141001002
Texas,El Paso County,48141,48141001114
Texas,El Paso County,48141,48141001115
Texas,El Paso County,48141,48141001201
Texas,El Paso County,48141,48141001203
Texas,El Paso County,48141,48141001400
Texas,El Paso County,48141,48141001600
Texas,El Paso County,48141,48141001700
Texas,El Paso County,48141,48141001800
Texas,El Paso County,48141,48141001900
Texas,El Paso County,48141,48141002000
Texas,El Paso County,48141,48141002100
Texas,El Paso County,48141,48141002201
Texas,El Paso County,48141,48141002202
Texas,El Paso County,48141,48141002300
Texas,El Paso County,48141,48141002400
Texas,El Paso County,48141,48141002500
Texas,El Paso County,48141,48141002800
Texas,El Paso County,48141,48141002900
Texas,El Paso County,48141,48141003000
Texas,El Paso County,48141,48141003100
Texas,El Paso County,48141,48141003200
Texas,El Paso County,48141,48141003402
Texas,El Paso County,48141,48141003501
Texas,El Paso County,48141,48141003502
Texas,El Paso County,48141,48141003601
Texas,El Paso County,48141,48141003602
Texas,El Paso County,48141,48141003702
Texas,El Paso County,48141,48141003804
Texas,El Paso County,48141,48141003901
Texas,El Paso County,48141,48141003902
Texas,El Paso County,48141,48141003903
Texas,El Paso County,48141,48141004002
Texas,El Paso County,48141,48141004003
Texas,El Paso County,48141,48141004103
Texas,El Paso County,48141,48141004105
Texas,El Paso County,48141,48141004106
Texas,El Paso County,48141,48141004201
Texas,El Paso County,48141,48141004310
Texas,El Paso County,48141,48141010203
Texas,El Paso County,48141,48141010220
Texas,El Paso County,48141,48141010221
Texas,El Paso County,48141,48141010222
Texas,El Paso County,48141,48141010332
Texas,El Paso County,48141,48141010333
Texas,El Paso County,48141,48141010334
Texas,El Paso County,48141,48141010335
Texas,El Paso County,48141,48141010339
Texas,El Paso County,48141,48141010340
Texas,El Paso County,48141,48141010345
Texas,El Paso County,48141,48141010347
Texas,El Paso County,48141,48141010401
Texas,El Paso County,48141,48141010404
Texas,El Paso County,48141,48141010406
Texas,El Paso County,48141,48141010407
Texas,El Paso County,48141,48141010408
Texas,El Paso County,48141,48141010409
Texas,El Paso County,48141,48141010501
Texas,El Paso County,48141,48141010502
Texas,El Paso County,48141,48141010504
Texas,El Paso County,48141,48141010505
Texas,El Paso County,48141,48141010506
Texas,Erath County,48143,48143950600
Texas,Falls County,48145,48145000300
Texas,Falls County,48145,48145000400
Texas,Fort Bend County,48157,48157674800
Texas,Fort Bend County,48157,48157674900
Texas,Fort Bend County,48157,48157675000
Texas,Freestone County,48161,48161000300
Texas,Frio County,48163,48163950200
Texas,Galveston County,48167,48167722200
Texas,Galveston County,48167,48167723700
Texas,Galveston County,48167,48167724000
Texas,Galveston County,48167,48167724300
Texas,Galveston County,48167,48167724600
Texas,Galveston County,48167,48167724700
Texas,Galveston County,48167,48167725200
Texas,Gray County,48179,48179950600
Texas,Gray County,48179,48179950800
Texas,Grayson County,48181,48181000200
Texas,Grayson County,48181,48181000501
Texas,Grayson County,48181,48181002000
Texas,Gregg County,48183,48183001100
Texas,Gregg County,48183,48183001300
Texas,Gregg County,48183,48183001400
Texas,Gregg County,48183,48183001500
Texas,Gregg County,48183,48183010700
Texas,Guadalupe County,48187,48187210200
Texas,Hale County,48189,48189950100
Texas,Hall County,48191,48191950500
Texas,Harris County,48201,48201210400
Texas,Harris County,48201,48201210500
Texas,Harris County,48201,48201210700
Texas,Harris County,48201,48201210800
Texas,Harris County,48201,48201211000
Texas,Harris County,48201,48201211100
Texas,Harris County,48201,48201211200
Texas,Harris County,48201,48201211300
Texas,Harris County,48201,48201211400
Texas,Harris County,48201,48201211500
Texas,Harris County,48201,48201211700
Texas,Harris County,48201,48201211900
Texas,Harris County,48201,48201212300
Texas,Harris County,48201,48201220100
Texas,Harris County,48201,48201220200
Texas,Harris County,48201,48201220300
Texas,Harris County,48201,48201220400
Texas,Harris County,48201,48201220500
Texas,Harris County,48201,48201220600
Texas,Harris County,48201,48201220700
Texas,Harris County,48201,48201220800
Texas,Harris County,48201,48201220900
Texas,Harris County,48201,48201221000
Texas,Harris County,48201,48201221100
Texas,Harris County,48201,48201221300
Texas,Harris County,48201,48201221400
Texas,Harris County,48201,48201221500
Texas,Harris County,48201,48201221800
Texas,Harris County,48201,48201221900
Texas,Harris County,48201,48201222100
Texas,Harris County,48201,48201222200
Texas,Harris County,48201,48201222501
Texas,Harris County,48201,48201222502
Texas,Harris County,48201,48201222503
Texas,Harris County,48201,48201222600
Texas,Harris County,48201,48201222700
Texas,Harris County,48201,48201223001
Texas,Harris County,48201,48201223002
Texas,Harris County,48201,48201230100
Texas,Harris County,48201,48201230300
Texas,Harris County,48201,48201230400
Texas,Harris County,48201,48201230600
Texas,Harris County,48201,48201230700
Texas,Harris County,48201,48201230900
Texas,Harris County,48201,48201231100
Texas,Harris County,48201,48201231500
Texas,Harris County,48201,48201231700
Texas,Harris County,48201,48201232100
Texas,Harris County,48201,48201232701
Texas,Harris County,48201,48201232702
Texas,Harris County,48201,48201233101
Texas,Harris County,48201,48201233102
Texas,Harris County,48201,48201233103
Texas,Harris County,48201,48201233300
Texas,Harris County,48201,48201233600
Texas,Harris County,48201,48201240501
Texas,Harris County,48201,48201240502
Texas,Harris County,48201,48201240600
Texas,Harris County,48201,48201310100
Texas,Harris County,48201,48201310400
Texas,Harris County,48201,48201310500
Texas,Harris County,48201,48201310600
Texas,Harris County,48201,48201310800
Texas,Harris County,48201,48201310900
Texas,Harris County,48201,48201311000
Texas,Harris County,48201,48201311200
Texas,Harris County,48201,48201311400
Texas,Harris County,48201,48201311600
Texas,Harris County,48201,48201311700
Texas,Harris County,48201,48201311800
Texas,Harris County,48201,48201312200
Texas,Harris County,48201,48201312300
Texas,Harris County,48201,48201312400
Texas,Harris County,48201,48201312800
Texas,Harris County,48201,48201312900
Texas,Harris County,48201,48201313300
Texas,Harris County,48201,48201313400
Texas,Harris County,48201,48201313500
Texas,Harris County,48201,48201313600
Texas,Harris County,48201,48201313800
Texas,Harris County,48201,48201320800
Texas,Harris County,48201,48201322000
Texas,Harris County,48201,48201323000
Texas,Harris County,48201,48201323500
Texas,Harris County,48201,48201323900
Texas,Harris County,48201,48201324200
Texas,Harris County,48201,48201330700
Texas,Harris County,48201,48201331100
Texas,Harris County,48201,48201331200
Texas,Harris County,48201,48201331400
Texas,Harris County,48201,48201331601
Texas,Harris County,48201,48201331602
Texas,Harris County,48201,48201331700
Texas,Harris County,48201,48201331800
Texas,Harris County,48201,48201332000
Texas,Harris County,48201,48201332100
Texas,Harris County,48201,48201332200
Texas,Harris County,48201,48201332300
Texas,Harris County,48201,48201332800
Texas,Harris County,48201,48201332900
Texas,Harris County,48201,48201333100
Texas,Harris County,48201,48201333500
Texas,Harris County,48201,48201410100
Texas,Harris County,48201,48201420100
Texas,Harris County,48201,48201420500
Texas,Harris County,48201,48201421101
Texas,Harris County,48201,48201421102
Texas,Harris County,48201,48201421201
Texas,Harris County,48201,48201421202
Texas,Harris County,48201,48201421300
Texas,Harris County,48201,48201421401
Texas,Harris County,48201,48201421402
Texas,Harris County,48201,48201421403
Texas,Harris County,48201,48201421600
Texas,Harris County,48201,48201422401
Texas,Harris County,48201,48201432701
Texas,Harris County,48201,48201432801
Texas,Harris County,48201,48201432802
Texas,Harris County,48201,48201433001
Texas,Harris County,48201,48201433002
Texas,Harris County,48201,48201433003
Texas,Harris County,48201,48201433400
Texas,Harris County,48201,48201433501
Texas,Harris County,48201,48201433502
Texas,Harris County,48201,48201520300
Texas,Harris County,48201,48201520601
Texas,Harris County,48201,48201520602
Texas,Harris County,48201,48201521000
Texas,Harris County,48201,48201521100
Texas,Harris County,48201,48201521400
Texas,Harris County,48201,48201522302
Texas,Harris County,48201,48201530100
Texas,Harris County,48201,48201530300
Texas,Harris County,48201,48201530400
Texas,Harris County,48201,48201530500
Texas,Harris County,48201,48201530600
Texas,Harris County,48201,48201530700
Texas,Harris County,48201,48201531800
Texas,Harris County,48201,48201531900
Texas,Harris County,48201,48201532200
Texas,Harris County,48201,48201533100
Texas,Harris County,48201,48201533200
Texas,Harris County,48201,48201533300
Texas,Harrison County,48203,48203020401
Texas,Harrison County,48203,48203020402
Texas,Hays County,48209,48209010200
Texas,Hays County,48209,48209010302
Texas,Hays County,48209,48209010303
Texas,Hays County,48209,48209010304
Texas,Hays County,48209,48209010701
Texas,Hays County,48209,48209010702
Texas,Henderson County,48213,48213951000
Texas,Henderson County,48213,48213951200
Texas,Hidalgo County,48215,48215020101
Texas,Hidalgo County,48215,48215020201
Texas,Hidalgo County,48215,48215020202
Texas,Hidalgo County,48215,48215020204
Texas,Hidalgo County,48215,48215020205
Texas,Hidalgo County,48215,48215020403
Texas,Hidalgo County,48215,48215020404
Texas,Hidalgo County,48215,48215020501
Texas,Hidalgo County,48215,48215020503
Texas,Hidalgo County,48215,48215020504
Texas,Hidalgo County,48215,48215020600
Texas,Hidalgo County,48215,48215020723
Texas,Hidalgo County,48215,48215020725
Texas,Hidalgo County,48215,48215020726
Texas,Hidalgo County,48215,48215021000
Texas,Hidalgo County,48215,48215021100
Texas,Hidalgo County,48215,48215021302
Texas,Hidalgo County,48215,48215021303
Texas,Hidalgo County,48215,48215021304
Texas,Hidalgo County,48215,48215021305
Texas,Hidalgo County,48215,48215021401
Texas,Hidalgo County,48215,48215021500
Texas,Hidalgo County,48215,48215021600
Texas,Hidalgo County,48215,48215021701
Texas,Hidalgo County,48215,48215021702
Texas,Hidalgo County,48215,48215021803
Texas,Hidalgo County,48215,48215021804
Texas,Hidalgo County,48215,48215021805
Texas,Hidalgo County,48215,48215021806
Texas,Hidalgo County,48215,48215021901
Texas,Hidalgo County,48215,48215021903
Texas,Hidalgo County,48215,48215021904
Texas,Hidalgo County,48215,48215022003
Texas,Hidalgo County,48215,48215022004
Texas,Hidalgo County,48215,48215022103
Texas,Hidalgo County,48215,48215022104
Texas,Hidalgo County,48215,48215022105
Texas,Hidalgo County,48215,48215022106
Texas,Hidalgo County,48215,48215022201
Texas,Hidalgo County,48215,48215022203
Texas,Hidalgo County,48215,48215022204
Texas,Hidalgo County,48215,48215022401
Texas,Hidalgo County,48215,48215022402
Texas,Hidalgo County,48215,48215022501
Texas,Hidalgo County,48215,48215022502
Texas,Hidalgo County,48215,48215022600
Texas,Hidalgo County,48215,48215022702
Texas,Hidalgo County,48215,48215022900
Texas,Hidalgo County,48215,48215023000
Texas,Hidalgo County,48215,48215023102
Texas,Hidalgo County,48215,48215023103
Texas,Hidalgo County,48215,48215023104
Texas,Hidalgo County,48215,48215023503
Texas,Hidalgo County,48215,48215023504
Texas,Hidalgo County,48215,48215023507
Texas,Hidalgo County,48215,48215023511
Texas,Hidalgo County,48215,48215023512
Texas,Hidalgo County,48215,48215023513
Texas,Hidalgo County,48215,48215023514
Texas,Hidalgo County,48215,48215023515
Texas,Hidalgo County,48215,48215023600
Texas,Hidalgo County,48215,48215023700
Texas,Hidalgo County,48215,48215023801
Texas,Hidalgo County,48215,48215023802
Texas,Hidalgo County,48215,48215023903
Texas,Hidalgo County,48215,48215023904
Texas,Hidalgo County,48215,48215024000
Texas,Hidalgo County,48215,48215024105
Texas,Hidalgo County,48215,48215024107
Texas,Hidalgo County,48215,48215024108
Texas,Hidalgo County,48215,48215024109
Texas,Hidalgo County,48215,48215024110
Texas,Hidalgo County,48215,48215024111
Texas,Hidalgo County,48215,48215024112
Texas,Hidalgo County,48215,48215024113
Texas,Hidalgo County,48215,48215024114
Texas,Hidalgo County,48215,48215024201
Texas,Hidalgo County,48215,48215024203
Texas,Hidalgo County,48215,48215024204
Texas,Hidalgo County,48215,48215024205
Texas,Hidalgo County,48215,48215024302
Texas,Hidalgo County,48215,48215024402
Texas,Hidalgo County,48215,48215024403
Texas,Hidalgo County,48215,48215024404
Texas,Hidalgo County,48215,48215024500
Texas,Hidalgo County,48215,48215024600
Texas,Hockley County,48219,48219950100
Texas,Hockley County,48219,48219950400
Texas,Houston County,48225,48225950400
Texas,Howard County,48227,48227950300
Texas,Howard County,48227,48227950400
Texas,Hudspeth County,48229,48229950300
Texas,Hunt County,48231,48231960600
Texas,Hunt County,48231,48231960800
Texas,Hunt County,48231,48231960900
Texas,Hutchinson County,48233,48233950700
Texas,Jasper County,48241,48241950300
Texas,Jasper County,48241,48241950600
Texas,Jefferson County,48245,48245000103
Texas,Jefferson County,48245,48245000600
Texas,Jefferson County,48245,48245000700
Texas,Jefferson County,48245,48245000900
Texas,Jefferson County,48245,48245001200
Texas,Jefferson County,48245,48245001700
Texas,Jefferson County,48245,48245001900
Texas,Jefferson County,48245,48245002000
Texas,Jefferson County,48245,48245002100
Texas,Jefferson County,48245,48245002200
Texas,Jefferson County,48245,48245002400
Texas,Jefferson County,48245,48245002500
Texas,Jefferson County,48245,48245002600
Texas,Jefferson County,48245,48245005100
Texas,Jefferson County,48245,48245005400
Texas,Jefferson County,48245,48245005900
Texas,Jefferson County,48245,48245006300
Texas,Jefferson County,48245,48245006600
Texas,Jefferson County,48245,48245007001
Texas,Jefferson County,48245,48245010100
Texas,Jefferson County,48245,48245011700
Texas,Jefferson County,48245,48245011800
Texas,Jim Wells County,48249,48249950100
Texas,Jim Wells County,48249,48249950500
Texas,Jim Wells County,48249,48249950600
Texas,Johnson County,48251,48251130800
Texas,Karnes County,48255,48255970300
Texas,Kleberg County,48273,48273020200
Texas,Kleberg County,48273,48273020300
Texas,Lamar County,48277,48277000500
Texas,Lamar County,48277,48277000600
Texas,Lamar County,48277,48277000800
Texas,Lamb County,48279,48279950500
Texas,Lampasas County,48281,48281950400
Texas,Limestone County,48293,48293970400
Texas,Live Oak County,48297,48297950200
Texas,Lubbock County,48303,48303000201
Texas,Lubbock County,48303,48303000202
Texas,Lubbock County,48303,48303000301
Texas,Lubbock County,48303,48303000302
Texas,Lubbock County,48303,48303000603
Texas,Lubbock County,48303,48303000605
Texas,Lubbock County,48303,48303000607
Texas,Lubbock County,48303,48303000900
Texas,Lubbock County,48303,48303001000
Texas,Lubbock County,48303,48303001200
Texas,Lubbock County,48303,48303001300
Texas,Lubbock County,48303,48303001400
Texas,Lubbock County,48303,48303001708
Texas,Lubbock County,48303,48303001709
Texas,Lubbock County,48303,48303002002
Texas,Lubbock County,48303,48303002400
Texas,McLennan County,48309,48309000100
Texas,McLennan County,48309,48309000200
Texas,McLennan County,48309,48309000400
Texas,McLennan County,48309,48309000598
Texas,McLennan County,48309,48309001000
Texas,McLennan County,48309,48309001100
Texas,McLennan County,48309,48309001200
Texas,McLennan County,48309,48309001400
Texas,McLennan County,48309,48309001500
Texas,McLennan County,48309,48309001600
Texas,McLennan County,48309,48309001900
Texas,McLennan County,48309,48309003300
Texas,Marion County,48315,48315950400
Texas,Matagorda County,48321,48321730100
Texas,Matagorda County,48321,48321730400
Texas,Matagorda County,48321,48321730600
Texas,Maverick County,48323,48323950201
Texas,Maverick County,48323,48323950204
Texas,Maverick County,48323,48323950205
Texas,Maverick County,48323,48323950300
Texas,Maverick County,48323,48323950400
Texas,Maverick County,48323,48323950500
Texas,Maverick County,48323,48323950601
Texas,Midland County,48329,48329001400
Texas,Montgomery County,48339,48339693400
Texas,Morris County,48343,48343950300
Texas,Nacogdoches County,48347,48347950600
Texas,Nacogdoches County,48347,48347950700
Texas,Nacogdoches County,48347,48347950800
Texas,Nacogdoches County,48347,48347950900
Texas,Nacogdoches County,48347,48347951000
Texas,Navarro County,48349,48349970800
Texas,Nolan County,48353,48353950300
Texas,Nolan County,48353,48353950400
Texas,Nueces County,48355,48355000500
Texas,Nueces County,48355,48355000700
Texas,Nueces County,48355,48355000900
Texas,Nueces County,48355,48355001000
Texas,Nueces County,48355,48355001100
Texas,Nueces County,48355,48355001200
Texas,Nueces County,48355,48355001300
Texas,Nueces County,48355,48355001500
Texas,Nueces County,48355,48355001601
Texas,Nueces County,48355,48355001701
Texas,Nueces County,48355,48355001904
Texas,Nueces County,48355,48355002001
Texas,Nueces County,48355,48355002002
Texas,Nueces County,48355,48355003305
Texas,Nueces County,48355,48355005601
Texas,Nueces County,48355,48355005602
Texas,Nueces County,48355,48355005900
Texas,Nueces County,48355,48355006300
Texas,Nueces County,48355,48355006400
Texas,Orange County,48361,48361020200
Texas,Palo Pinto County,48363,48363000800
Texas,Palo Pinto County,48363,48363000900
Texas,Polk County,48373,48373210400
Texas,Potter County,48375,48375010300
Texas,Potter County,48375,48375010600
Texas,Potter County,48375,48375011000
Texas,Potter County,48375,48375011900
Texas,Potter County,48375,48375012000
Texas,Potter County,48375,48375012200
Texas,Potter County,48375,48375012600
Texas,Potter County,48375,48375012800
Texas,Potter County,48375,48375013000
Texas,Potter County,48375,48375014800
Texas,Potter County,48375,48375015000
Texas,Potter County,48375,48375015300
Texas,Potter County,48375,48375015400
Texas,Presidio County,48377,48377950200
Texas,Real County,48385,48385950100
Texas,Reeves County,48389,48389950100
Texas,Robertson County,48395,48395960200
Texas,Runnels County,48399,48399950200
Texas,San Augustine County,48405,48405950100
Texas,San Augustine County,48405,48405950200
Texas,San Patricio County,48409,48409010800
Texas,San Patricio County,48409,48409011000
Texas,San Patricio County,48409,48409011300
Texas,Scurry County,48415,48415950100
Texas,Shelby County,48419,48419950400
Texas,Smith County,48423,48423000201
Texas,Smith County,48423,48423000202
Texas,Smith County,48423,48423000300
Texas,Smith County,48423,48423000500
Texas,Smith County,48423,48423000700
Texas,Starr County,48427,48427950101
Texas,Starr County,48427,48427950104
Texas,Starr County,48427,48427950105
Texas,Starr County,48427,48427950106
Texas,Starr County,48427,48427950107
Texas,Starr County,48427,48427950108
Texas,Starr County,48427,48427950202
Texas,Starr County,48427,48427950203
Texas,Starr County,48427,48427950204
Texas,Starr County,48427,48427950401
Texas,Starr County,48427,48427950402
Texas,Starr County,48427,48427950500
Texas,Starr County,48427,48427950600
Texas,Starr County,48427,48427950701
Texas,Starr County,48427,48427950702
Texas,Stephens County,48429,48429950300
Texas,Tarrant County,48439,48439100202
Texas,Tarrant County,48439,48439100300
Texas,Tarrant County,48439,48439100400
Texas,Tarrant County,48439,48439100502
Texas,Tarrant County,48439,48439100900
Texas,Tarrant County,48439,48439101302
Texas,Tarrant County,48439,48439101403
Texas,Tarrant County,48439,48439101700
Texas,Tarrant County,48439,48439102500
Texas,Tarrant County,48439,48439103500
Texas,Tarrant County,48439,48439103601
Texas,Tarrant County,48439,48439103602
Texas,Tarrant County,48439,48439103701
Texas,Tarrant County,48439,48439103702
Texas,Tarrant County,48439,48439103800
Texas,Tarrant County,48439,48439104502
Texas,Tarrant County,48439,48439104503
Texas,Tarrant County,48439,48439104505
Texas,Tarrant County,48439,48439104602
Texas,Tarrant County,48439,48439104603
Texas,Tarrant County,48439,48439104604
Texas,Tarrant County,48439,48439104702
Texas,Tarrant County,48439,48439104803
Texas,Tarrant County,48439,48439104804
Texas,Tarrant County,48439,48439105901
Texas,Tarrant County,48439,48439105902
Texas,Tarrant County,48439,48439106102
Texas,Tarrant County,48439,48439106202
Texas,Tarrant County,48439,48439106300
Texas,Tarrant County,48439,48439106600
Texas,Tarrant County,48439,48439113002
Texas,Tarrant County,48439,48439121703
Texas,Tarrant County,48439,48439121704
Texas,Tarrant County,48439,48439122200
Texas,Tarrant County,48439,48439122300
Texas,Tarrant County,48439,48439122400
Texas,Tarrant County,48439,48439123100
Texas,Tarrant County,48439,48439123500
Texas,Tarrant County,48439,48439123600
Texas,Taylor County,48441,48441010200
Texas,Taylor County,48441,48441010300
Texas,Taylor County,48441,48441010400
Texas,Taylor County,48441,48441010800
Texas,Taylor County,48441,48441011700
Texas,Taylor County,48441,48441011900
Texas,Terry County,48445,48445950300
Texas,Titus County,48449,48449950700
Texas,Tom Green County,48451,48451000700
Texas,Tom Green County,48451,48451001800
Texas,Travis County,48453,48453000203
Texas,Travis County,48453,48453000401
Texas,Travis County,48453,48453000500
Texas,Travis County,48453,48453000601
Texas,Travis County,48453,48453000603
Texas,Travis County,48453,48453000604
Texas,Travis County,48453,48453000700
Texas,Travis County,48453,48453000802
Texas,Travis County,48453,48453000804
Texas,Travis County,48453,48453000902
Texas,Travis County,48453,48453001804
Texas,Travis County,48453,48453001805
Texas,Travis County,48453,48453001812
Texas,Travis County,48453,48453002105
Texas,Travis County,48453,48453002109
Texas,Travis County,48453,48453002110
Texas,Travis County,48453,48453002111
Texas,Travis County,48453,48453002112
Texas,Travis County,48453,48453002202
Texas,Travis County,48453,48453002308
Texas,Travis County,48453,48453002312
Texas,Travis County,48453,48453002314
Texas,Travis County,48453,48453002315
Texas,Travis County,48453,48453002317
Texas,Travis County,48453,48453002411
Texas,Travis County,48453,48453002413
Texas,Trinity County,48455,48455950500
Texas,Tyler County,48457,48457950300
Texas,Uvalde County,48463,48463950200
Texas,Val Verde County,48465,48465950400
Texas,Val Verde County,48465,48465950601
Texas,Val Verde County,48465,48465950602
Texas,Victoria County,48469,48469000201
Texas,Victoria County,48469,48469000301
Texas,Victoria County,48469,48469000302
Texas,Walker County,48471,48471790700
Texas,Walker County,48471,48471790800
Texas,Washington County,48477,48477170100
Texas,Webb County,48479,48479000101
Texas,Webb County,48479,48479000105
Texas,Webb County,48479,48479000107
Texas,Webb County,48479,48479000108
Texas,Webb County,48479,48479000109
Texas,Webb County,48479,48479000200
Texas,Webb County,48479,48479000300
Texas,Webb County,48479,48479000601
Texas,Webb County,48479,48479000602
Texas,Webb County,48479,48479000700
Texas,Webb County,48479,48479000800
Texas,Webb County,48479,48479000901
Texas,Webb County,48479,48479000903
Texas,Webb County,48479,48479000904
Texas,Webb County,48479,48479001001
Texas,Webb County,48479,48479001003
Texas,Webb County,48479,48479001004
Texas,Webb County,48479,48479001101
Texas,Webb County,48479,48479001103
Texas,Webb County,48479,48479001104
Texas,Webb County,48479,48479001105
Texas,Webb County,48479,48479001201
Texas,Webb County,48479,48479001202
Texas,Webb County,48479,48479001300
Texas,Webb County,48479,48479001401
Texas,Webb County,48479,48479001402
Texas,Webb County,48479,48479001501
Texas,Webb County,48479,48479001502
Texas,Webb County,48479,48479001706
Texas,Webb County,48479,48479001806
Texas,Webb County,48479,48479001807
Texas,Webb County,48479,48479001808
Texas,Webb County,48479,48479001809
Texas,Webb County,48479,48479001814
Texas,Webb County,48479,48479001815
Texas,Webb County,48479,48479001817
Texas,Webb County,48479,48479001818
Texas,Webb County,48479,48479001900
Texas,Wichita County,48485,48485010100
Texas,Wichita County,48485,48485010200
Texas,Wichita County,48485,48485010400
Texas,Wichita County,48485,48485010600
Texas,Wichita County,48485,48485011100
Texas,Wichita County,48485,48485011200
Texas,Wichita County,48485,48485011400
Texas,Wilbarger County,48487,48487950500
Texas,Willacy County,48489,48489950300
Texas,Willacy County,48489,48489950500
Texas,Willacy County,48489,48489950600
Texas,Willacy County,48489,48489950700
Texas,Zapata County,48505,48505950301
Texas,Zapata County,48505,48505950302
Texas,Zapata County,48505,48505950400
Texas,Zavala County,48507,48507950100
Texas,Zavala County,48507,48507950200
Texas,Zavala County,48507,48507950301
Texas,Zavala County,48507,48507950302
Utah,Cache County,49005,49005000600
Utah,Cache County,49005,49005000702
Utah,Cache County,49005,49005000800
Utah,Carbon County,49007,49007000300
Utah,Iron County,49021,49021110400
Utah,Salt Lake County,49035,49035100600
Utah,Salt Lake County,49035,49035101400
Utah,Salt Lake County,49035,49035101600
Utah,Salt Lake County,49035,49035101700
Utah,Salt Lake County,49035,49035101900
Utah,Salt Lake County,49035,49035102000
Utah,Salt Lake County,49035,49035102100
Utah,Salt Lake County,49035,49035102300
Utah,Salt Lake County,49035,49035102500
Utah,Salt Lake County,49035,49035102600
Utah,Salt Lake County,49035,49035102702
Utah,Salt Lake County,49035,49035102900
Utah,Salt Lake County,49035,49035111500
Utah,San Juan County,49037,49037942000
Utah,San Juan County,49037,49037942100
Utah,Sanpete County,49039,49039972400
Utah,Utah County,49049,49049001402
Utah,Utah County,49049,49049001601
Utah,Utah County,49049,49049001602
Utah,Utah County,49049,49049001603
Utah,Utah County,49049,49049001702
Utah,Utah County,49049,49049001801
Utah,Utah County,49049,49049001802
Utah,Utah County,49049,49049001803
Utah,Utah County,49049,49049001900
Utah,Utah County,49049,49049002500
Utah,Utah County,49049,49049002801
Utah,Utah County,49049,49049002802
Utah,Weber County,49057,49057200800
Utah,Weber County,49057,49057200900
Utah,Weber County,49057,49057201200
Vemont,Bennington County,50003,50003970900
Vemont,Chittenden County,50007,50007000400
Vemont,Chittenden County,50007,50007000500
Vemont,Chittenden County,50007,50007000600
Virginia,Accomack County,51001,51001090400
Virginia,Albemarle County,51003,51003010902
Virginia,Albemarle County,51003,51003010903
Virginia,Buchanan County,51027,51027010200
Virginia,Chesterfield County,51041,51041100406
Virginia,Dickenson County,51051,51051040100
Virginia,Henrico County,51087,51087200805
Virginia,Lee County,51105,51105950300
Virginia,Lee County,51105,51105950500
Virginia,Montgomery County,51121,51121020201
Virginia,Montgomery County,51121,51121020300
Virginia,Montgomery County,51121,51121020400
Virginia,Montgomery County,51121,51121020500
Virginia,Montgomery County,51121,51121020600
Virginia,Montgomery County,51121,51121020700
Virginia,Prince Edward County,51147,51147930100
Virginia,Wise County,51195,51195931100
Virginia,Wise County,51195,51195931200
Virginia,Wise County,51195,51195931500
Virginia,Bristol city,51520,51520020200
Virginia,Bristol city,51520,51520020300
Virginia,Charlottesville city,51540,51540000201
Virginia,Charlottesville city,51540,51540000202
Virginia,Charlottesville city,51540,51540000401
Virginia,Charlottesville city,51540,51540000600
Virginia,Chesapeake city,51550,51550020100
Virginia,Chesapeake city,51550,51550020200
Virginia,Chesapeake city,51550,51550020300
Virginia,Danville city,51590,51590000300
Virginia,Danville city,51590,51590000400
Virginia,Danville city,51590,51590000500
Virginia,Danville city,51590,51590000600
Virginia,Danville city,51590,51590001000
Virginia,Danville city,51590,51590001100
Virginia,Franklin city,51620,51620090200
Virginia,Hampton city,51650,51650010601
Virginia,Hampton city,51650,51650010900
Virginia,Harrisonburg city,51660,51660000204
Virginia,Harrisonburg city,51660,51660000205
Virginia,Harrisonburg city,51660,51660000207
Virginia,Harrisonburg city,51660,51660000302
Virginia,Hopewell city,51670,51670820300
Virginia,Hopewell city,51670,51670820700
Virginia,Lynchburg city,51680,51680000400
Virginia,Lynchburg city,51680,51680000500
Virginia,Lynchburg city,51680,51680000600
Virginia,Lynchburg city,51680,51680000700
Virginia,Lynchburg city,51680,51680001100
Virginia,Lynchburg city,51680,51680001900
Virginia,Martinsville city,51690,51690000200
Virginia,Newport News city,51700,51700030100
Virginia,Newport News city,51700,51700030300
Virginia,Newport News city,51700,51700030400
Virginia,Newport News city,51700,51700030500
Virginia,Newport News city,51700,51700030600
Virginia,Newport News city,51700,51700030800
Virginia,Norfolk city,51710,51710002500
Virginia,Norfolk city,51710,51710002600
Virginia,Norfolk city,51710,51710002700
Virginia,Norfolk city,51710,51710002900
Virginia,Norfolk city,51710,51710003501
Virginia,Norfolk city,51710,51710004100
Virginia,Norfolk city,51710,51710004200
Virginia,Norfolk city,51710,51710004300
Virginia,Norfolk city,51710,51710004600
Virginia,Norfolk city,51710,51710004800
Virginia,Norfolk city,51710,51710005100
Virginia,Norfolk city,51710,51710005901
Virginia,Norton city,51720,51720960100
Virginia,Petersburg city,51730,51730810100
Virginia,Petersburg city,51730,51730810600
Virginia,Petersburg city,51730,51730810700
Virginia,Petersburg city,51730,51730811300
Virginia,Portsmouth city,51740,51740210500
Virginia,Portsmouth city,51740,51740211100
Virginia,Portsmouth city,51740,51740211400
Virginia,Portsmouth city,51740,51740211800
Virginia,Portsmouth city,51740,51740212000
Virginia,Portsmouth city,51740,51740212100
Virginia,Radford city,51750,51750010101
Virginia,Radford city,51750,51750010102
Virginia,Richmond city,51760,51760010900
Virginia,Richmond city,51760,51760020100
Virginia,Richmond city,51760,51760020200
Virginia,Richmond city,51760,51760020400
Virginia,Richmond city,51760,51760021000
Virginia,Richmond city,51760,51760030100
Virginia,Richmond city,51760,51760030200
Virginia,Richmond city,51760,51760030500
Virginia,Richmond city,51760,51760040200
Virginia,Richmond city,51760,51760040300
Virginia,Richmond city,51760,51760040400
Virginia,Richmond city,51760,51760041100
Virginia,Richmond city,51760,51760060200
Virginia,Richmond city,51760,51760060400
Virginia,Richmond city,51760,51760060700
Virginia,Richmond city,51760,51760060800
Virginia,Roanoke city,51770,51770000900
Virginia,Roanoke city,51770,51770001000
Virginia,Roanoke city,51770,51770002400
Virginia,Roanoke city,51770,51770002500
Virginia,Roanoke city,51770,51770002600
Virginia,Roanoke city,51770,51770002700
Virginia,Suffolk city,51800,51800065100
Virginia,Suffolk city,51800,51800065400
Virginia,Suffolk city,51800,51800065500
Virginia,Virginia Beach city,51810,51810044200
Washington,Asotin County,53003,53003960300
Washington,Asotin County,53003,53003960400
Washington,Benton County,53005,53005011200
Washington,Clallam County,53009,53009940000
Washington,Clark County,53011,53011041600
Washington,Clark County,53011,53011041700
Washington,Clark County,53011,53011041800
Washington,Clark County,53011,53011042700
Washington,Cowlitz County,53015,53015000502
Washington,Cowlitz County,53015,53015000601
Washington,Cowlitz County,53015,53015001000
Washington,Cowlitz County,53015,53015001100
Washington,Cowlitz County,53015,53015002100
Washington,Douglas County,53017,53017950100
Washington,Franklin County,53021,53021020200
Washington,Franklin County,53021,53021020400
Washington,Grant County,53025,53025010600
Washington,Grant County,53025,53025010800
Washington,Grays Harbor County,53027,53027001000
Washington,King County,53033,53033004301
Washington,King County,53033,53033004302
Washington,King County,53033,53033004400
Washington,King County,53033,53033005200
Washington,King County,53033,53033005301
Washington,King County,53033,53033008100
Washington,King County,53033,53033008600
Washington,King County,53033,53033009200
Washington,King County,53033,53033010702
Washington,King County,53033,53033026500
Washington,Kittitas County,53037,53037975401
Washington,Kittitas County,53037,53037975500
Washington,Kittitas County,53037,53037975600
Washington,Mason County,53045,53045940000
Washington,Okanogan County,53047,53047940200
Washington,Okanogan County,53047,53047970300
Washington,Pierce County,53053,53053061300
Washington,Pierce County,53053,53053061400
Washington,Pierce County,53053,53053061601
Washington,Pierce County,53053,53053061700
Washington,Pierce County,53053,53053071504
Washington,Pierce County,53053,53053071805
Washington,Pierce County,53053,53053071806
Washington,Pierce County,53053,53053072000
Washington,Pierce County,53053,53053940006
Washington,Snohomish County,53061,53061040200
Washington,Spokane County,53063,53063000200
Washington,Spokane County,53063,53063001600
Washington,Spokane County,53063,53063002300
Washington,Spokane County,53063,53063002400
Washington,Spokane County,53063,53063002500
Washington,Spokane County,53063,53063002600
Washington,Spokane County,53063,53063003000
Washington,Spokane County,53063,53063003100
Washington,Spokane County,53063,53063003200
Washington,Spokane County,53063,53063003500
Washington,Spokane County,53063,53063003600
Washington,Spokane County,53063,53063010401
Washington,Spokane County,53063,53063014001
Washington,Spokane County,53063,53063014002
Washington,Spokane County,53063,53063014500
Washington,Stevens County,53065,53065941000
Washington,Stevens County,53065,53065951100
Washington,Walla Walla County,53071,53071920500
Washington,Whatcom County,53073,53073000501
Washington,Whatcom County,53073,53073000600
Washington,Whatcom County,53073,53073001000
Washington,Whatcom County,53073,53073001201
Washington,Whitman County,53075,53075000100
Washington,Whitman County,53075,53075000500
Washington,Whitman County,53075,53075000600
Washington,Yakima County,53077,53077000100
Washington,Yakima County,53077,53077000200
Washington,Yakima County,53077,53077000600
Washington,Yakima County,53077,53077001501
Washington,Yakima County,53077,53077001502
Washington,Yakima County,53077,53077002002
Washington,Yakima County,53077,53077002102
Washington,Yakima County,53077,53077940002
Washington,Yakima County,53077,53077940004
Washington,Yakima County,53077,53077940006
West Virginia,Barbour County,54001,54001965600
West Virginia,Barbour County,54001,54001965800
West Virginia,Boone County,54005,54005958300
West Virginia,Cabell County,54011,54011000200
West Virginia,Cabell County,54011,54011000400
West Virginia,Cabell County,54011,54011000500
West Virginia,Cabell County,54011,54011000600
West Virginia,Cabell County,54011,54011000900
West Virginia,Cabell County,54011,54011001000
West Virginia,Cabell County,54011,54011001100
West Virginia,Cabell County,54011,54011001400
West Virginia,Cabell County,54011,54011001500
West Virginia,Cabell County,54011,54011001600
West Virginia,Cabell County,54011,54011001800
West Virginia,Cabell County,54011,54011010900
West Virginia,Calhoun County,54013,54013962700
West Virginia,Clay County,54015,54015958000
West Virginia,Doddridge County,54017,54017965100
West Virginia,Fayette County,54019,54019020400
West Virginia,Fayette County,54019,54019020500
West Virginia,Fayette County,54019,54019020700
West Virginia,Gilmer County,54021,54021967800
West Virginia,Greenbrier County,54025,54025950200
West Virginia,Hampshire County,54027,54027968400
West Virginia,Harrison County,54033,54033030100
West Virginia,Harrison County,54033,54033030300
West Virginia,Harrison County,54033,54033031000
West Virginia,Kanawha County,54039,54039000100
West Virginia,Kanawha County,54039,54039000200
West Virginia,Kanawha County,54039,54039000700
West Virginia,Kanawha County,54039,54039000800
West Virginia,Kanawha County,54039,54039000900
West Virginia,Kanawha County,54039,54039001200
West Virginia,Kanawha County,54039,54039012200
West Virginia,Kanawha County,54039,54039013800
West Virginia,Lewis County,54041,54041967400
West Virginia,Lincoln County,54043,54043955500
West Virginia,Lincoln County,54043,54043955600
West Virginia,Lincoln County,54043,54043955700
West Virginia,Lincoln County,54043,54043955800
West Virginia,Logan County,54045,54045956200
West Virginia,Logan County,54045,54045956400
West Virginia,Logan County,54045,54045956500
West Virginia,Logan County,54045,54045956700
West Virginia,Logan County,54045,54045956800
West Virginia,Logan County,54045,54045956900
West Virginia,McDowell County,54047,54047953600
West Virginia,McDowell County,54047,54047953800
West Virginia,McDowell County,54047,54047953900
West Virginia,McDowell County,54047,54047954000
West Virginia,McDowell County,54047,54047954200
West Virginia,McDowell County,54047,54047954501
West Virginia,McDowell County,54047,54047954503
West Virginia,McDowell County,54047,54047954504
West Virginia,Marion County,54049,54049020100
West Virginia,Marion County,54049,54049020200
West Virginia,Marion County,54049,54049020500
West Virginia,Marshall County,54051,54051020200
West Virginia,Mercer County,54055,54055001300
West Virginia,Mercer County,54055,54055001600
West Virginia,Mercer County,54055,54055001900
West Virginia,Mercer County,54055,54055002000
West Virginia,Mingo County,54059,54059957100
West Virginia,Mingo County,54059,54059957300
West Virginia,Mingo County,54059,54059957400
West Virginia,Mingo County,54059,54059957500
West Virginia,Monongalia County,54061,54061010101
West Virginia,Monongalia County,54061,54061010102
West Virginia,Monongalia County,54061,54061010201
West Virginia,Monongalia County,54061,54061010202
West Virginia,Monongalia County,54061,54061010600
West Virginia,Monongalia County,54061,54061010700
West Virginia,Monongalia County,54061,54061010901
West Virginia,Nicholas County,54067,54067950300
West Virginia,Nicholas County,54067,54067950500
West Virginia,Ohio County,54069,54069000400
West Virginia,Ohio County,54069,54069000600
West Virginia,Ohio County,54069,54069000700
West Virginia,Ohio County,54069,54069002700
West Virginia,Raleigh County,54081,54081000200
West Virginia,Randolph County,54083,54083966100
West Virginia,Roane County,54087,54087963000
West Virginia,Summers County,54089,54089000500
West Virginia,Tyler County,54095,54095962000
West Virginia,Upshur County,54097,54097966800
West Virginia,Upshur County,54097,54097967000
West Virginia,Wayne County,54099,54099020800
West Virginia,Wayne County,54099,54099021000
West Virginia,Webster County,54101,54101970100
West Virginia,Wood County,54107,54107000500
West Virginia,Wood County,54107,54107000701
West Virginia,Wyoming County,54109,54109003000
West Virginia,Wyoming County,54109,54109003200
Wisconsin,Brown County,55009,55009000800
Wisconsin,Brown County,55009,55009000900
Wisconsin,Dane County,55025,55025000902
Wisconsin,Dane County,55025,55025001101
Wisconsin,Dane County,55025,55025001102
Wisconsin,Dane County,55025,55025001200
Wisconsin,Dane County,55025,55025001603
Wisconsin,Dane County,55025,55025001604
Wisconsin,Dane County,55025,55025001605
Wisconsin,Dane County,55025,55025001606
Wisconsin,Dane County,55025,55025001704
Wisconsin,Dane County,55025,55025001705
Wisconsin,Dane County,55025,55025002500
Wisconsin,Douglas County,55031,55031021100
Wisconsin,Dunn County,55033,55033970800
Wisconsin,Eau Claire County,55035,55035001101
Wisconsin,Eau Claire County,55035,55035001200
Wisconsin,Grant County,55043,55043960900
Wisconsin,Kenosha County,55059,55059001100
Wisconsin,La Crosse County,55063,55063000300
Wisconsin,La Crosse County,55063,55063000400
Wisconsin,La Crosse County,55063,55063000500
Wisconsin,Marathon County,55073,55073000100
Wisconsin,Menominee County,55078,55078940101
Wisconsin,Menominee County,55078,55078940102
Wisconsin,Milwaukee County,55079,55079001200
Wisconsin,Milwaukee County,55079,55079001800
Wisconsin,Milwaukee County,55079,55079001900
Wisconsin,Milwaukee County,55079,55079002100
Wisconsin,Milwaukee County,55079,55079002400
Wisconsin,Milwaukee County,55079,55079002500
Wisconsin,Milwaukee County,55079,55079002800
Wisconsin,Milwaukee County,55079,55079004000
Wisconsin,Milwaukee County,55079,55079004200
Wisconsin,Milwaukee County,55079,55079004400
Wisconsin,Milwaukee County,55079,55079004500
Wisconsin,Milwaukee County,55079,55079004600
Wisconsin,Milwaukee County,55079,55079004700
Wisconsin,Milwaukee County,55079,55079004800
Wisconsin,Milwaukee County,55079,55079006000
Wisconsin,Milwaukee County,55079,55079006100
Wisconsin,Milwaukee County,55079,55079006200
Wisconsin,Milwaukee County,55079,55079006300
Wisconsin,Milwaukee County,55079,55079006400
Wisconsin,Milwaukee County,55079,55079006500
Wisconsin,Milwaukee County,55079,55079006600
Wisconsin,Milwaukee County,55079,55079006700
Wisconsin,Milwaukee County,55079,55079006800
Wisconsin,Milwaukee County,55079,55079006900
Wisconsin,Milwaukee County,55079,55079007000
Wisconsin,Milwaukee County,55079,55079007300
Wisconsin,Milwaukee County,55079,55079007800
Wisconsin,Milwaukee County,55079,55079008000
Wisconsin,Milwaukee County,55079,55079008100
Wisconsin,Milwaukee County,55079,55079008400
Wisconsin,Milwaukee County,55079,55079008500
Wisconsin,Milwaukee County,55079,55079008600
Wisconsin,Milwaukee County,55079,55079008700
Wisconsin,Milwaukee County,55079,55079008800
Wisconsin,Milwaukee County,55079,55079008900
Wisconsin,Milwaukee County,55079,55079009000
Wisconsin,Milwaukee County,55079,55079009100
Wisconsin,Milwaukee County,55079,55079009600
Wisconsin,Milwaukee County,55079,55079009700
Wisconsin,Milwaukee County,55079,55079009800
Wisconsin,Milwaukee County,55079,55079009900
Wisconsin,Milwaukee County,55079,55079010600
Wisconsin,Milwaukee County,55079,55079011200
Wisconsin,Milwaukee County,55079,55079012200
Wisconsin,Milwaukee County,55079,55079012300
Wisconsin,Milwaukee County,55079,55079013400
Wisconsin,Milwaukee County,55079,55079013500
Wisconsin,Milwaukee County,55079,55079013600
Wisconsin,Milwaukee County,55079,55079013700
Wisconsin,Milwaukee County,55079,55079014100
Wisconsin,Milwaukee County,55079,55079014600
Wisconsin,Milwaukee County,55079,55079014700
Wisconsin,Milwaukee County,55079,55079014800
Wisconsin,Milwaukee County,55079,55079014900
Wisconsin,Milwaukee County,55079,55079015700
Wisconsin,Milwaukee County,55079,55079015800
Wisconsin,Milwaukee County,55079,55079015900
Wisconsin,Milwaukee County,55079,55079016100
Wisconsin,Milwaukee County,55079,55079016200
Wisconsin,Milwaukee County,55079,55079016300
Wisconsin,Milwaukee County,55079,55079016400
Wisconsin,Milwaukee County,55079,55079016500
Wisconsin,Milwaukee County,55079,55079016600
Wisconsin,Milwaukee County,55079,55079016700
Wisconsin,Milwaukee County,55079,55079016800
Wisconsin,Milwaukee County,55079,55079016900
Wisconsin,Milwaukee County,55079,55079017000
Wisconsin,Milwaukee County,55079,55079017400
Wisconsin,Milwaukee County,55079,55079017500
Wisconsin,Milwaukee County,55079,55079017600
Wisconsin,Milwaukee County,55079,55079018600
Wisconsin,Milwaukee County,55079,55079018800
Wisconsin,Milwaukee County,55079,55079185400
Wisconsin,Milwaukee County,55079,55079185500
Wisconsin,Milwaukee County,55079,55079185600
Wisconsin,Milwaukee County,55079,55079185700
Wisconsin,Milwaukee County,55079,55079185800
Wisconsin,Milwaukee County,55079,55079185900
Wisconsin,Milwaukee County,55079,55079186000
Wisconsin,Milwaukee County,55079,55079186100
Wisconsin,Milwaukee County,55079,55079186200
Wisconsin,Milwaukee County,55079,55079186400
Wisconsin,Milwaukee County,55079,55079186500
Wisconsin,Milwaukee County,55079,55079186600
Wisconsin,Portage County,55097,55097960400
Wisconsin,Portage County,55097,55097961000
Wisconsin,Racine County,55101,55101000100
Wisconsin,Racine County,55101,55101000300
Wisconsin,Racine County,55101,55101000400
Wisconsin,Racine County,55101,55101000500
Wisconsin,Rock County,55105,55105001500
Wisconsin,Vernon County,55123,55123960200
Wisconsin,Walworth County,55127,55127000501
Wisconsin,Walworth County,55127,55127000502
Wisconsin,Winnebago County,55139,55139000500
Wisconsin,Winnebago County,55139,55139000700
Wyoming,Albany County,56001,56001963000
Wyoming,Albany County,56001,56001963400
Wyoming,Albany County,56001,56001963500
Wyoming,Natrona County,56025,56025000200